0,0,0,3,1,0,1,53,5,0,1,0,0.448916,0.046803,0,
0,0,1,3,1,0,0,53,3,4,0,0,0.0941724,0.530161,0,
0,0,2,3,1,0,0,14,2,0,0,0,0.390271,0.0123828,1,
0,1,0,2,0,1,1,52,5,4,1,0,0.493076,0.383946,1,
0,1,1,2,0,1,0,52,1,2,0,0,0.29763,0.0193003,0,
0,2,0,2,2,1,0,52,5,3,1,0,0.475719,0.823771,1,
0,2,1,2,2,1,1,52,5,3,1,0,0.763798,0.305485,1,
0,3,0,4,3,4,1,64,5,0,1,0,0.787515,0.234747,1,
0,3,1,4,3,4,0,57,5,0,1,0,0.735338,0.611758,0,
0,3,2,4,3,4,0,42,5,0,1,0,0.720136,0.604771,0,
0,3,3,4,3,4,0,32,5,1,1,0,0.352642,0.138685,0,
0,4,0,2,0,2,1,75,6,-1,0,0,0.428679,0.0799245,1,
0,4,1,2,0,2,0,62,5,2,0,0,0.324467,0.293146,1,
0,5,0,1,0,0,0,34,5,1,0,0,0.332787,0.356789,1,
0,6,0,1,1,0,1,31,6,-1,1,0,0.501767,0.522806,1,
0,7,0,1,0,0,1,25,5,0,0,0,0.598243,0.990757,1,
0,8,0,1,0,0,1,30,5,0,1,0,0.510711,0.351496,1,
0,9,0,1,0,1,1,87,6,-1,0,0,0.674641,0.965481,1,
0,10,0,1,0,0,0,40,5,1,1,0,0.455151,0.816443,1,
0,11,0,1,0,0,1,22,5,3,0,0,0.122751,0.210794,1,
0,12,0,1,1,0,1,38,5,3,1,0,0.92621,0.38873,1,
0,13,0,2,0,0,1,74,6,-1,1,0,0.632707,0.908779,0,
0,13,1,2,0,0,0,20,5,3,1,0,0.923923,0.724112,1,
0,14,0,1,0,1,1,26,5,4,0,0,0.0272107,0.357513,1,
0,15,0,1,1,1,1,52,5,0,1,0,0.738186,0.103445,1,
0,16,0,4,1,4,1,87,6,-1,0,0,0.103039,0.151927,1,
0,16,1,4,1,4,0,65,6,-1,1,0,0.35187,0.909795,0,
0,16,2,4,1,4,1,24,5,3,1,0,0.381387,0.612604,1,
0,16,3,4,1,4,0,14,2,0,0,0,0.70271,0.969013,1,
0,17,0,3,0,0,1,51,5,2,1,0,0.796457,0.164024,1,
0,17,1,3,0,0,0,51,3,4,0,0,0.133843,0.0805318,1,
0,17,2,3,0,0,1,13,2,0,0,0,0.0532431,0.97287,1,
0,18,0,2,1,1,1,54,5,1,1,0,0.840481,0.172835,1,
0,18,1,2,1,1,0,54,1,3,0,0,0.944597,0.473156,1,
0,19,0,3,0,1,0,57,5,2,0,0,0.118093,0.339442,1,
0,19,1,3,0,1,1,20,4,4,1,0,0.36349,0.115706,0,
0,19,2,3,0,1,0,9,1,4,0,0,0.821018,0.373249,1,
0,20,0,1,1,1,0,46,5,0,1,0,0.361496,0.229506,0,
0,21,0,1,1,0,1,67,5,0,1,0,0.273659,0.938595,1,
0,22,0,5,3,3,0,82,6,-1,0,0,0.260057,0.426363,1,
0,22,1,5,3,3,0,63,5,0,1,0,0.580105,0.718749,1,
0,22,2,5,3,3,1,53,5,1,1,0,0.560606,0.948801,1,
0,22,3,5,3,3,1,45,5,0,1,0,0.992051,0.945583,0,
0,22,4,5,3,3,1,31,5,1,1,0,0.209928,0.805522,0,
0,23,0,2,0,1,0,88,6,-1,0,0,0.127034,0.891211,1,
0,23,1,2,0,1,0,64,5,4,1,0,0.656729,0.657254,1,
0,24,0,3,1,3,1,40,5,4,1,1,0.313356,0.177326,1,
0,24,1,3,1,3,0,40,4,1,1,0,0.291214,0.55932,1,
0,24,2,3,1,3,1,12,1,0,0,0,0.617137,0.208821,1,
0,25,0,2,2,0,0,69,6,-1,1,0,0.641903,0.42163,1,
0,25,1,2,2,0,1,40,5,2,1,0,0.98134,0.44951,1,
0,26,0,1,0,0,1,25,5,1,1,0,0.474406,0.825482,0,
0,27,0,2,1,2,1,25,5,0,1,0,0.643824,0.18601,1,
0,27,1,2,1,2,0,8,1,2,0,0,0.819032,0.738084,1,
0,28,0,3,1,1,1,50,5,0,1,0,0.823657,0.259504,1,
0,28,1,3,1,1,0,48,5,0,1,0,0.819583,0.380515,1,
0,28,2,3,1,1,0,48,5,1,1,0,0.758957,0.861575,1,
0,29,0,3,1,2,0,38,5,4,0,0,0.324046,0.714956,1,
0,29,1,3,1,2,1,72,6,-1,1,0,0.435893,0.869996,1,
0,29,2,3,1,2,0,38,5,0,0,0,0.324046,0.714956,1,
0,30,0,2,2,0,0,33,4,2,1,0,0.194914,0.23265,1,
0,30,1,2,2,0,1,33,3,0,1,0,0.0695884,0.233389,1,
0,31,0,1,1,1,0,35,5,3,1,0,0.242916,0.386564,1,
0,32,0,3,3,2,1,68,6,-1,1,0,0.74068,0.233738,1,
0,32,1,3,3,2,0,56,5,2,1,1,0.617308,0.200917,1,
0,32,2,3,3,2,0,53,5,4,1,0,0.0226711,0.645088,1,
0,33,0,1,0,1,1,41,5,0,0,0,0.0513214,0.0360909,0,
0,34,0,1,0,0,1,39,5,2,0,0,0.108363,0.493208,0,
0,35,0,1,0,1,1,83,6,-1,0,0,0.647825,0.919901,1,
0,36,0,1,0,0,0,42,5,1,0,0,0.294264,0.198672,0,
0,37,0,1,0,0,0,76,6,-1,0,0,0.542924,0.0384243,1,
0,38,0,3,1,0,1,82,6,-1,1,0,0.569135,0.755337,1,
0,38,1,3,1,0,0,59,5,1,1,1,0.104532,0.49463,1,
0,38,2,3,1,0,0,58,5,0,0,0,0.794369,0.747659,1,
0,39,0,3,0,2,0,77,6,-1,0,0,0.310335,0.702024,1,
0,39,1,3,0,2,0,56,5,1,1,0,0.191068,0.37616,1,
0,39,2,3,0,2,1,18,3,0,0,0,0.943335,0.667992,1,
0,40,0,2,0,1,1,73,6,-1,1,0,0.899474,0.939277,1,
0,40,1,2,0,1,0,46,5,0,1,0,0.487347,0.325703,1,
0,41,0,1,1,1,0,52,5,1,1,0,0.269199,0.521176,1,
0,42,0,2,0,0,0,91,6,-1,0,0,0.928035,0.444286,1,
0,42,1,2,0,0,0,75,6,-1,0,0,0.186965,0.404522,1,
0,43,0,1,0,1,1,63,5,2,1,0,0.105725,0.176468,1,
0,44,0,3,2,1,1,70,6,-1,0,0,0.611776,0.270698,1,
0,44,1,3,2,1,1,26,5,0,1,0,0.791949,0.952725,1,
0,44,2,3,2,1,0,26,5,0,1,0,0.734537,0.647896,0,
0,45,0,3,1,2,1,79,6,-1,0,0,0.879808,0.324308,0,
0,45,1,3,1,2,1,54,5,0,1,0,0.479972,0.747816,1,
0,45,2,3,1,2,0,21,5,1,0,0,0.114511,0.319159,0,
0,46,0,1,0,1,0,35,6,-1,1,0,0.336184,0.127164,1,
0,47,0,1,0,1,0,53,5,3,0,0,0.415123,0.862491,1,
0,48,0,2,0,1,0,23,4,2,0,0,0.69423,0.410468,1,
0,48,1,2,0,1,1,14,2,2,0,0,0.605036,0.791387,1,
0,49,0,1,0,1,0,51,5,0,1,0,0.492593,0.793335,1,
0,50,0,1,1,0,1,72,5,3,1,0,0.253139,0.768454,1,
0,51,0,3,0,0,1,88,6,-1,1,0,0.726218,0.549813,1,
0,51,1,3,0,0,1,87,6,-1,1,0,0.557601,0.515363,1,
0,51,2,3,0,0,1,76,6,-1,0,0,0.983608,0.109728,1,
0,52,0,2,2,0,1,64,5,1,1,0,0.224539,0.624737,1,
0,52,1,2,2,0,0,64,5,0,1,0,0.110722,0.97053,1,
0,53,0,2,1,0,1,81,6,-1,1,0,0.816209,0.201281,1,
0,53,1,2,1,0,0,74,6,-1,1,0,0.279777,0.744675,1,
0,54,0,3,1,3,0,19,5,1,0,0,0.840156,0.697503,1,
0,54,1,3,1,3,0,74,6,-1,1,0,0.959578,0.503,0,
0,54,2,3,1,3,0,15,3,1,0,0,0.646808,0.412457,1,
0,55,0,1,1,1,1,42,5,0,1,0,0.662196,0.793073,1,
0,56,0,2,1,1,1,94,6,-1,0,0,0.262621,0.47034,1,
0,56,1,2,1,1,0,46,5,4,1,0,0.880697,0.631576,1,
0,57,0,2,1,1,0,68,6,-1,0,0,0.43477,0.397117,0,
0,57,1,2,1,1,1,24,5,3,1,0,0.725971,0.179576,0,
0,58,0,3,0,2,1,78,6,-1,1,0,0.563962,0.690356,1,
0,58,1,3,0,2,1,30,5,1,1,0,0.132843,0.438655,1,
0,58,2,3,0,2,1,78,6,-1,1,0,0.563962,0.690356,1,
0,59,0,3,1,1,0,75,5,2,0,0,0.710102,0.697189,1,
0,59,1,3,1,1,1,68,6,-1,0,0,0.0448006,0.644325,1,
0,59,2,3,1,1,1,54,5,1,1,0,0.340572,0.156234,1,
0,60,0,2,1,1,1,60,5,0,1,0,0.537198,0.25249,1,
0,60,1,2,1,1,1,60,5,0,1,0,0.537198,0.25249,1,
0,61,0,1,0,0,0,86,6,-1,0,0,0.701021,0.279501,1,
0,62,0,1,1,0,1,76,6,-1,1,0,0.480785,0.316983,1,
0,63,0,3,1,1,0,69,5,0,0,0,0.556419,0.540088,0,
0,63,1,3,1,1,1,65,6,-1,1,0,0.96846,0.961518,1,
0,63,2,3,1,1,0,69,5,0,0,0,0.556419,0.540088,0,
0,64,0,3,1,2,0,84,6,-1,0,0,0.893723,0.156765,1,
0,64,1,3,1,2,1,47,5,0,1,0,0.177919,0.788523,1,
0,64,2,3,1,2,0,44,5,0,1,0,0.223889,0.437382,1,
0,65,0,2,0,0,1,88,6,-1,1,0,0.675958,0.0591991,1,
0,65,1,2,0,0,1,64,5,4,1,0,0.0897619,0.0714014,1,
0,66,0,2,1,2,1,58,5,0,1,1,0.384802,0.716579,0,
0,66,1,2,1,2,0,58,5,0,1,0,0.513546,0.0121332,1,
0,67,0,1,0,0,1,78,6,-1,0,0,0.941607,0.74501,1,
0,68,0,2,2,0,1,86,6,-1,1,0,0.615158,0.582132,1,
0,68,1,2,2,0,0,39,5,4,1,0,0.127795,0.175546,1,
0,69,0,2,0,1,1,64,5,0,1,1,0.909322,0.552685,0,
0,69,1,2,0,1,0,58,5,2,1,0,0.79587,0.812425,1,
0,70,0,1,0,0,1,63,5,3,1,1,0.303322,0.86944,0,
0,71,0,3,0,2,1,54,5,2,1,0,0.5716,0.24735,1,
0,71,1,3,0,2,0,49,5,0,1,0,0.636377,0.161973,1,
0,71,2,3,0,2,1,54,5,4,1,0,0.5716,0.24735,1,
0,72,0,1,0,1,0,26,5,3,0,0,0.347743,0.987036,1,
0,73,0,2,0,0,1,59,5,2,1,0,0.938801,0.266798,0,
0,73,1,2,0,0,0,49,5,1,1,0,0.809991,0.568178,1,
0,74,0,1,0,1,1,44,5,3,1,0,0.651562,0.264134,1,
0,75,0,1,0,0,0,71,6,-1,1,0,0.534779,0.691789,1,
0,76,0,3,1,3,0,53,5,0,1,0,0.61464,0.531155,1,
0,76,1,3,1,3,1,47,6,-1,1,0,0.0813756,0.824761,1,
0,76,2,3,1,3,0,21,4,0,0,0,0.737111,0.0654608,1,
0,77,0,1,0,1,1,41,5,2,0,0,0.81829,0.171491,1,
0,78,0,2,0,0,0,55,5,1,0,0,0.497269,0.374501,1,
0,78,1,2,0,0,0,55,5,1,0,0,0.497269,0.374501,1,
0,79,0,2,0,2,1,40,5,4,0,0,0.651566,0.491565,1,
0,79,1,2,0,2,1,17,3,2,0,0,0.885508,0.108563,1,
0,80,0,2,2,2,1,48,5,4,1,0,0.153428,0.188864,0,
0,80,1,2,2,2,0,48,5,1,1,0,0.0774984,0.789593,1,
0,81,0,1,0,1,0,57,5,4,1,0,0.813691,0.287679,1,
0,82,0,2,0,1,1,82,6,-1,0,0,0.860835,0.0305643,1,
0,82,1,2,0,1,1,73,6,-1,1,0,0.84307,0.58618,1,
0,83,0,2,1,1,0,57,5,3,1,0,0.220978,0.292224,0,
0,83,1,2,1,1,1,57,5,0,1,0,0.902846,0.528928,1,
0,84,0,1,1,0,1,58,5,0,1,0,0.403205,0.343332,1,
0,85,0,3,0,2,1,86,6,-1,0,0,0.988463,0.144687,1,
0,85,1,3,0,2,1,76,6,-1,0,0,0.325,0.0690224,1,
0,85,2,3,0,2,0,53,5,4,1,0,0.401784,0.968573,1,
0,86,0,2,0,1,0,61,5,0,1,0,0.296048,0.312267,1,
0,86,1,2,0,1,1,59,5,0,1,0,0.42308,0.0682287,1,
0,87,0,1,0,0,0,52,5,0,0,0,0.0906349,0.406079,1,
0,88,0,2,0,2,1,56,5,4,1,0,0.974566,0.364929,1,
0,88,1,2,0,2,0,56,5,2,1,0,0.454633,0.563774,1,
0,89,0,2,0,1,1,56,5,2,1,0,0.0730022,0.662806,1,
0,89,1,2,0,1,0,56,5,0,1,0,0.341717,0.329887,1,
0,90,0,1,1,1,0,26,5,2,1,1,0.994192,0.317535,1,
0,91,0,1,1,1,0,40,5,0,1,0,0.227057,0.455305,1,
0,92,0,1,0,1,0,27,5,3,1,0,0.167471,0.234929,0,
0,93,0,1,0,1,1,28,5,3,1,1,0.329351,0.625706,1,
0,94,0,3,1,0,1,85,6,-1,2,0,0.925732,0.784153,1,
0,94,1,3,1,0,1,29,5,2,1,0,0.498054,0.00118261,1,
0,94,2,3,1,0,0,20,4,4,1,0,0.0386332,0.582255,0,
0,95,0,1,1,1,0,37,5,0,1,0,0.778223,0.0296496,1,
0,96,0,2,2,0,1,55,5,2,1,0,0.951167,0.93924,1,
0,96,1,2,2,0,0,47,5,2,1,0,0.763696,0.730446,1,
0,97,0,2,2,2,1,46,5,2,1,0,0.330246,0.793078,1,
0,97,1,2,2,2,0,40,5,3,1,0,0.17748,0.101423,1,
0,98,0,4,3,1,1,57,5,0,1,0,0.483715,0.425668,1,
0,98,1,4,3,1,0,51,5,4,1,0,0.793537,0.659553,1,
0,98,2,4,3,1,1,28,5,3,1,0,0.787446,0.787967,0,
0,98,3,4,3,1,1,57,5,3,1,0,0.483715,0.425668,1,
0,99,0,2,0,1,1,55,5,3,1,0,0.0895423,0.925544,1,
0,99,1,2,0,1,0,55,4,3,1,0,0.9223,0.471239,1,
0,100,0,4,0,0,0,86,6,-1,0,0,0.988013,0.934124,0,
0,100,1,4,0,0,0,65,6,-1,0,0,0.695902,0.984836,1,
0,100,2,4,0,0,0,47,5,2,1,1,0.647417,0.539705,1,
0,100,3,4,0,0,0,39,5,4,1,0,0.0287167,0.240617,1,
0,101,0,3,1,3,1,39,5,2,1,0,0.990416,0.31531,1,
0,101,1,3,1,3,1,75,6,-1,1,0,0.687221,0.495717,1,
0,101,2,3,1,3,1,39,5,0,1,0,0.990416,0.31531,1,
0,102,0,2,1,1,1,32,5,1,1,0,0.733164,0.74139,0,
0,102,1,2,1,1,0,24,5,0,0,0,0.492512,0.652713,1,
0,103,0,1,0,1,1,46,5,0,1,1,0.775756,0.849972,1,
0,104,0,1,0,1,0,80,6,-1,0,0,0.503602,0.543168,1,
0,105,0,3,0,1,1,49,5,3,1,1,0.956621,0.873303,0,
0,105,1,3,0,1,0,44,5,0,1,1,0.798227,0.71899,0,
0,105,2,3,0,1,0,30,5,0,1,0,0.829359,0.0894106,1,
0,106,0,2,0,2,1,86,6,-1,0,0,0.0787375,0.306049,1,
0,106,1,2,0,2,1,57,5,1,1,0,0.552517,0.52962,1,
0,107,0,1,0,0,0,65,5,1,0,0,0.617927,0.101536,0,
0,108,0,2,1,0,0,55,5,0,1,0,0.478308,0.993645,1,
0,108,1,2,1,0,1,7,1,1,0,0,0.840735,0.469814,1,
0,109,0,2,1,1,0,69,6,-1,0,0,0.9397,0.154858,1,
0,109,1,2,1,1,0,41,5,0,1,1,0.556232,0.757919,0,
0,110,0,1,0,1,1,45,5,0,1,0,0.07602,0.842279,0,
0,111,0,1,1,0,1,66,5,1,1,0,0.021071,0.0814633,1,
0,112,0,2,0,1,0,79,6,-1,0,0,0.559063,0.206744,1,
0,112,1,2,0,1,0,26,5,0,1,0,0.601531,0.00358439,0,
0,113,0,2,1,2,0,56,5,2,1,0,0.169917,0.425159,1,
0,113,1,2,1,2,1,55,5,0,1,0,0.33755,0.542276,1,
0,114,0,2,0,2,0,79,6,-1,0,0,0.697907,0.684422,1,
0,114,1,2,0,2,1,27,5,3,1,0,0.00712375,0.434604,0,
0,115,0,2,2,0,1,25,5,1,1,0,0.789582,0.815785,1,
0,115,1,2,2,0,0,24,5,0,1,0,0.159412,0.292299,1,
0,116,0,1,0,1,0,89,6,-1,0,0,0.0649151,0.689111,1,
0,117,0,2,0,0,1,77,6,-1,1,0,0.731887,0.678541,1,
0,117,1,2,0,0,0,67,6,-1,0,0,0.235773,0.28613,1,
0,118,0,1,1,0,1,82,6,-1,1,0,0.0342817,0.685527,1,
0,119,0,2,0,2,1,61,5,4,1,0,0.911161,0.0832223,1,
0,119,1,2,0,2,0,61,5,0,1,0,0.984923,0.822354,0,
0,120,0,2,0,0,1,53,4,2,1,0,0.517443,0.00845161,1,
0,120,1,2,0,0,0,42,5,0,1,0,0.678865,0.287664,0,
0,121,0,2,0,2,0,69,5,2,1,1,0.576562,0.857878,1,
0,121,1,2,0,2,1,63,5,3,1,0,0.455656,0.298629,1,
0,122,0,1,0,1,1,27,5,1,1,0,0.960735,0.133178,1,
0,123,0,1,1,1,1,55,5,1,1,1,0.812085,0.724627,1,
0,124,0,1,0,1,1,55,5,2,0,1,0.725523,0.991842,1,
0,125,0,3,0,3,1,70,5,4,1,0,0.673407,0.391971,1,
0,125,1,3,0,3,0,30,5,4,1,0,0.879185,0.603887,1,
0,125,2,3,0,3,0,27,5,0,0,0,0.884981,0.737675,1,
0,126,0,1,0,0,0,61,5,3,1,0,0.853471,0.646447,1,
0,127,0,1,0,0,1,45,5,0,1,1,0.554082,0.528069,1,
0,128,0,1,1,0,0,59,5,2,1,0,0.877068,0.789119,1,
0,129,0,2,0,0,0,88,6,-1,0,0,0.900701,0.568578,1,
0,129,1,2,0,0,1,59,5,3,1,0,0.220469,0.502322,0,
0,130,0,3,2,3,0,71,6,-1,2,0,0.924703,0.863973,1,
0,130,1,3,2,3,1,44,5,0,1,0,0.161561,0.600756,1,
0,130,2,3,2,3,1,17,3,4,1,0,0.365306,0.334614,1,
0,131,0,1,0,1,0,78,6,-1,1,0,0.87584,0.990153,1,
0,132,0,1,1,1,0,53,5,3,1,0,0.635921,0.367036,0,
0,133,0,3,1,3,1,24,5,0,0,1,0.869197,0.876593,1,
0,133,1,3,1,3,0,24,4,1,1,0,0.694917,0.644778,0,
0,133,2,3,1,3,1,24,5,0,0,1,0.869197,0.876593,1,
0,134,0,2,2,0,0,68,5,3,1,1,0.42057,0.984453,1,
0,134,1,2,2,0,0,31,5,0,1,0,0.145382,0.133099,0,
0,135,0,1,1,0,1,72,6,-1,1,0,0.399114,0.900658,1,
0,136,0,1,1,0,1,34,5,0,1,0,0.618401,0.39899,0,
0,137,0,4,0,0,0,77,6,-1,0,0,0.217876,0.0574549,1,
0,137,1,4,0,0,0,75,6,-1,2,0,0.152014,0.691854,1,
0,137,2,4,0,0,1,65,5,1,0,0,0.424169,0.199355,1,
0,137,3,4,0,0,1,45,5,4,1,0,0.545499,0.453295,1,
0,138,0,3,1,1,0,37,5,0,2,0,0.211137,0.309417,1,
0,138,1,3,1,1,1,76,6,-1,1,0,0.735332,0.107126,1,
0,138,2,3,1,1,1,18,5,4,0,0,0.64901,0.39126,0,
0,139,0,1,0,1,0,38,5,0,0,0,0.838103,0.314859,1,
0,140,0,1,0,1,0,56,5,0,1,0,0.822589,0.093983,0,
0,141,0,1,1,0,1,64,5,2,1,0,0.671011,0.887292,1,
0,142,0,2,0,0,1,77,6,-1,1,0,0.0482378,0.671038,1,
0,142,1,2,0,0,0,57,5,2,1,0,0.451663,0.756035,0,
0,143,0,3,1,2,1,64,5,1,1,1,0.811264,0.791845,1,
0,143,1,3,1,2,0,64,5,0,1,0,0.58029,0.350134,1,
0,143,2,3,1,2,0,9,1,1,0,0,0.919629,0.640372,1,
0,144,0,1,0,0,1,68,5,4,1,0,0.993401,0.372453,1,
0,145,0,3,0,3,0,75,6,-1,0,0,0.368609,0.104786,1,
0,145,1,3,0,3,0,46,5,0,1,1,0.69498,0.218723,1,
0,145,2,3,0,3,1,33,5,3,1,0,0.409106,0.357604,0,
0,146,0,1,0,1,1,73,6,-1,1,0,0.22572,0.408529,1,
0,147,0,3,0,3,1,73,6,-1,1,0,0.267719,0.781581,0,
0,147,1,3,0,3,0,37,5,4,1,1,0.701162,0.829565,0,
0,147,2,3,0,3,1,15,2,2,0,0,0.214445,0.00926898,1,
0,148,0,2,0,2,0,39,5,3,0,0,0.201024,0.289646,1,
0,148,1,2,0,2,1,11,1,2,0,0,0.721687,0.147828,1,
0,149,0,3,1,2,1,64,5,2,0,0,0.0628592,0.634873,0,
0,149,1,3,1,2,0,56,5,0,1,1,0.989822,0.726362,0,
0,149,2,3,1,2,1,42,5,1,1,0,0.547559,0.198255,0,
0,150,0,2,2,0,0,78,6,-1,1,0,0.434144,0.604831,1,
0,150,1,2,2,0,0,33,5,2,1,0,0.224396,0.247932,0,
0,151,0,2,0,2,1,61,5,0,0,0,0.227795,0.0595743,1,
0,151,1,2,0,2,0,7,1,0,0,0,0.710384,0.23888,1,
0,152,0,3,2,1,1,77,6,-1,0,0,0.612159,0.559748,1,
0,152,1,3,2,1,1,68,6,-1,1,0,0.992993,0.769461,1,
0,152,2,3,2,1,1,55,5,1,1,0,0.213556,0.160513,0,
0,153,0,1,0,1,1,47,5,1,1,0,0.221374,0.506279,0,
0,154,0,3,3,3,1,63,5,1,1,0,0.186844,0.917928,1,
0,154,1,3,3,3,0,63,6,-1,1,0,0.206864,0.884942,1,
0,154,2,3,3,3,1,24,5,0,1,0,0.660834,0.284496,1,
0,155,0,3,0,1,1,64,5,2,1,0,0.43734,0.60078,0,
0,155,1,3,0,1,0,64,5,1,1,0,0.957847,0.447657,1,
0,155,2,3,0,1,1,15,3,1,0,0,0.343341,0.737568,1,
0,156,0,2,2,2,1,55,5,1,1,0,0.741658,0.825958,1,
0,156,1,2,2,2,0,55,5,4,1,0,0.82866,0.213816,1,
0,157,0,3,3,0,1,49,5,0,1,0,0.965486,0.0679581,0,
0,157,1,3,3,0,0,49,5,4,1,1,0.156698,0.868857,1,
0,157,2,3,3,0,0,27,5,2,1,0,0.771125,0.433449,1,
0,158,0,1,0,1,1,32,5,1,1,0,0.493536,0.753442,0,
0,159,0,1,0,0,0,30,5,4,1,0,0.584653,0.602097,1,
0,160,0,1,0,0,0,78,6,-1,0,0,0.33336,0.836877,1,
0,161,0,1,1,0,0,45,5,4,1,0,0.321727,0.162922,1,
0,162,0,3,2,0,1,74,6,-1,0,0,0.475374,0.231125,1,
0,162,1,3,2,0,1,70,6,-1,1,0,0.661536,0.31396,1,
0,162,2,3,2,0,0,57,5,3,1,1,0.331489,0.415192,0,
0,163,0,1,0,0,0,79,6,-1,0,0,0.906543,0.341833,0,
0,164,0,2,0,0,0,96,6,-1,0,0,0.153735,0.253875,1,
0,164,1,2,0,0,0,19,4,3,0,0,0.682456,0.890308,1,
0,165,0,2,1,2,1,32,5,2,0,1,0.688331,0.986459,1,
0,165,1,2,1,2,0,30,5,4,1,0,0.171242,0.760959,1,
0,166,0,1,0,1,1,79,6,-1,1,0,0.0678798,0.439805,1,
0,167,0,2,1,0,0,26,5,3,1,0,0.497491,0.368452,1,
0,167,1,2,1,0,0,26,5,2,1,0,0.497491,0.368452,1,
0,168,0,2,1,2,1,54,5,1,1,1,0.196274,0.129978,1,
0,168,1,2,1,2,0,54,1,1,0,0,0.0408265,0.754492,0,
0,169,0,1,1,1,1,70,6,-1,1,0,0.111934,0.0236932,1,
0,170,0,2,1,0,0,52,5,1,0,0,0.180096,0.6552,0,
0,170,1,2,1,0,1,51,5,1,1,0,0.366155,0.583306,1,
0,171,0,1,0,1,0,41,5,3,0,0,0.409236,0.452204,0,
0,172,0,2,2,1,1,69,5,4,1,1,0.414027,0.951801,1,
0,172,1,2,2,1,1,36,5,1,1,0,0.896762,0.388117,1,
0,173,0,1,0,0,0,65,6,-1,1,0,0.218922,0.132727,1,
0,174,0,1,0,1,0,27,5,4,1,0,0.0226069,0.779773,1,
0,175,0,2,0,1,1,50,5,4,0,0,0.351408,0.42405,1,
0,175,1,2,0,1,1,50,5,3,0,0,0.351408,0.42405,1,
0,176,0,4,2,1,1,52,5,2,0,0,0.996699,0.802308,1,
0,176,1,4,2,1,0,52,5,1,1,0,0.820324,0.828,0,
0,176,2,4,2,1,0,32,5,0,1,0,0.28074,0.553886,0,
0,176,3,4,2,1,1,16,3,0,0,0,0.248923,0.505384,1,
0,177,0,1,0,1,1,35,5,1,1,0,0.968048,0.172681,1,
0,178,0,2,1,0,0,25,5,1,1,0,0.0919372,0.92006,1,
0,178,1,2,1,0,0,25,5,4,1,0,0.0919372,0.92006,1,
0,179,0,3,0,1,0,60,5,0,0,0,0.432377,0.962198,0,
0,179,1,3,0,1,1,60,5,0,1,0,0.332199,0.94542,0,
0,179,2,3,0,1,1,25,6,-1,1,0,0.481553,0.652287,1,
0,180,0,3,1,1,1,86,5,0,0,0,0.938394,0.376082,1,
0,180,1,3,1,1,0,61,5,4,0,0,0.423613,0.243439,1,
0,180,2,3,1,1,1,34,5,2,1,0,0.0922251,0.446332,1,
0,181,0,3,0,3,1,65,5,4,0,0,0.555546,0.52444,1,
0,181,1,3,0,3,0,16,3,0,0,0,0.335299,0.0946674,1,
0,181,2,3,0,3,1,65,5,0,0,0,0.555546,0.52444,1,
0,182,0,2,0,2,0,70,6,-1,1,0,0.16768,0.371159,1,
0,182,1,2,0,2,0,40,5,3,1,0,0.192415,0.733262,1,
0,183,0,4,2,1,0,79,5,2,1,0,0.463097,0.072525,1,
0,183,1,4,2,1,0,67,6,-1,0,0,0.254881,0.521072,1,
0,183,2,4,2,1,1,65,5,3,1,1,0.363149,0.218774,1,
0,183,3,4,2,1,0,51,5,4,0,0,0.509743,0.338232,1,
0,184,0,1,0,1,0,20,4,1,0,0,0.928236,0.60741,1,
0,185,0,1,0,1,0,69,6,-1,0,0,0.00278744,0.69491,1,
0,186,0,2,0,2,0,55,5,1,1,0,0.480524,0.888183,1,
0,186,1,2,0,2,0,6,1,0,0,0,0.784526,0.941625,0,
0,187,0,1,0,1,1,81,6,-1,1,0,0.188624,0.766303,0,
0,188,0,1,1,1,0,64,5,4,1,1,0.593324,0.652084,0,
0,189,0,1,1,0,0,69,5,4,1,0,0.932155,0.339843,1,
0,190,0,2,1,0,1,44,5,1,1,1,0.567139,0.517784,1,
0,190,1,2,1,0,0,44,5,2,1,0,0.397443,0.895627,1,
0,191,0,1,0,0,1,39,5,0,1,1,0.302994,0.813233,1,
0,192,0,1,0,1,1,25,5,0,1,1,0.444109,0.462149,0,
0,193,0,2,2,2,1,71,6,-1,1,0,0.189747,0.379282,1,
0,193,1,2,2,2,1,28,5,2,1,1,0.0776969,0.653766,1,
0,194,0,3,0,2,1,76,6,-1,1,0,0.0971519,0.562928,0,
0,194,1,3,0,2,0,36,5,1,1,0,0.116107,0.348402,1,
0,194,2,3,0,2,1,26,5,0,1,1,0.549961,0.435284,1,
0,195,0,1,1,1,0,35,5,4,1,0,0.86793,0.965714,1,
0,196,0,1,0,0,0,88,6,-1,0,0,0.995786,0.0043165,1,
0,197,0,3,0,3,0,82,6,-1,0,0,0.992118,0.636627,1,
0,197,1,3,0,3,0,56,5,4,1,0,0.913427,0.191386,1,
0,197,2,3,0,3,0,6,1,0,0,0,0.386281,0.426059,1,
0,198,0,1,0,1,0,85,6,-1,0,0,0.886186,0.644547,1,
0,199,0,2,0,1,1,49,5,2,1,0,0.909133,0.877382,0,
0,199,1,2,0,1,0,49,1,2,0,0,0.70639,0.440036,1,
1,0,0,2,2,2,1,56,5,0,1,0,0.561539,0.787217,1,
1,0,1,2,2,2,0,56,5,0,1,0,0.900881,0.0430466,1,
1,1,0,3,2,0,1,79,6,-1,1,0,0.153191,0.635452,0,
1,1,1,3,2,0,0,33,5,1,1,0,0.93021,0.80657,0,
1,1,2,3,2,0,1,20,4,3,1,0,0.523032,0.07684,0,
1,2,0,1,1,1,0,53,5,3,1,0,0.869663,0.616525,0,
1,3,0,2,0,0,1,53,5,4,1,0,0.864032,0.256116,1,
1,3,1,2,0,0,0,53,1,1,0,0,0.128984,0.686777,1,
1,4,0,3,1,2,0,67,5,2,1,0,0.234623,0.716923,0,
1,4,1,3,1,2,1,61,5,3,1,0,0.775334,0.885699,1,
1,4,2,3,1,2,0,36,5,1,1,0,0.350281,0.928648,1,
1,5,0,1,1,1,1,50,5,2,1,0,0.0973937,0.268998,1,
1,6,0,2,2,2,1,53,5,1,1,0,0.193808,0.838508,1,
1,6,1,2,2,2,0,53,5,3,1,0,0.66822,0.527891,0,
1,7,0,2,1,2,1,50,5,2,1,0,0.844755,0.153263,0,
1,7,1,2,1,2,0,45,5,3,0,0,0.260683,0.791727,1,
1,8,0,2,0,2,1,70,5,1,1,0,0.187923,0.246849,1,
1,8,1,2,0,2,0,57,5,4,1,0,0.806555,0.426684,1,
1,9,0,1,0,1,1,29,5,1,1,0,0.632134,0.616298,1,
1,10,0,2,1,1,1,58,5,1,1,0,0.0878015,0.0210026,1,
1,10,1,2,1,1,0,58,5,3,0,0,0.103223,0.938362,0,
1,11,0,3,1,2,1,57,5,4,1,0,0.854627,0.694915,1,
1,11,1,3,1,2,0,45,5,3,1,1,0.209918,0.253609,0,
1,11,2,3,1,2,1,32,5,2,1,0,0.862837,0.164637,1,
1,12,0,1,0,0,0,56,5,0,1,1,0.692021,0.797754,1,
1,13,0,1,0,1,0,89,6,-1,0,0,0.134786,0.253514,1,
1,14,0,1,0,1,1,79,6,-1,2,0,0.952531,0.797711,1,
1,15,0,2,1,0,0,73,6,-1,0,0,0.079346,0.0992839,1,
1,15,1,2,1,0,1,63,5,0,1,0,0.941614,0.445418,1,
1,16,0,1,0,0,0,87,6,-1,0,0,0.360321,0.810883,1,
1,17,0,3,0,1,0,42,5,4,1,1,0.170128,0.336267,1,
1,17,1,3,0,1,1,34,5,3,1,0,0.685482,0.0263696,1,
1,17,2,3,0,1,0,17,3,1,0,0,0.116812,0.0265279,0,
1,18,0,4,4,1,0,67,6,-1,1,0,0.260509,0.131873,1,
1,18,1,4,4,1,1,56,5,3,1,0,0.420107,0.50036,1,
1,18,2,4,4,1,0,52,5,3,1,0,0.704051,0.0552507,0,
1,18,3,4,4,1,0,46,5,3,1,0,0.783112,0.672574,1,
1,19,0,2,0,1,1,68,5,2,1,1,0.93189,0.406633,1,
1,19,1,2,0,1,1,66,6,-1,0,0,0.906809,0.445405,1,
1,20,0,4,4,1,0,64,5,2,1,0,0.0932815,0.836273,1,
1,20,1,4,4,1,1,63,5,2,1,0,0.507868,0.236381,1,
1,20,2,4,4,1,0,45,5,4,1,0,0.0497252,0.243344,1,
1,20,3,4,4,1,0,29,5,1,1,0,0.780481,0.635578,0,
1,21,0,2,1,1,1,60,5,1,1,0,0.517418,0.0818101,1,
1,21,1,2,1,1,0,54,5,1,0,0,0.45065,0.136652,1,
1,22,0,1,1,0,0,29,5,3,1,0,0.130058,0.536538,0,
1,23,0,2,0,0,0,72,6,-1,2,0,0.15861,0.265366,1,
1,23,1,2,0,0,0,70,5,2,0,0,0.152377,0.788346,1,
1,24,0,1,1,0,1,38,5,3,1,1,0.658701,0.285313,1,
1,25,0,1,0,1,1,50,5,3,1,0,0.223424,0.975672,1,
1,26,0,2,0,2,1,42,5,4,1,0,0.581849,0.623808,1,
1,26,1,2,0,2,0,8,1,1,0,0,0.359989,0.90657,1,
1,27,0,1,0,1,1,33,5,0,0,0,0.331643,0.886896,1,
1,28,0,1,0,1,0,63,5,0,1,0,0.878041,0.314336,0,
1,29,0,2,2,2,1,86,6,-1,1,0,0.572326,0.0860282,1,
1,29,1,2,2,2,1,37,5,1,1,0,0.143612,0.708484,1,
1,30,0,1,1,0,0,27,5,4,1,0,0.985062,0.253231,1,
1,31,0,2,1,0,1,32,5,4,1,0,0.32352,0.666024,1,
1,31,1,2,1,0,0,12,2,1,0,0,0.253862,0.614374,1,
1,32,0,2,1,1,1,83,6,-1,1,0,0.440021,0.951109,1,
1,32,1,2,1,1,0,79,6,-1,0,0,0.160969,0.167389,0,
1,33,0,1,1,0,1,31,5,2,1,1,0.468743,0.780552,1,
1,34,0,1,0,0,0,30,5,2,0,0,0.499168,0.148059,1,
1,35,0,2,0,1,1,76,6,-1,2,0,0.695483,0.57629,1,
1,35,1,2,0,1,0,53,5,1,1,0,0.458048,0.638399,1,
1,36,0,1,0,1,1,71,6,-1,1,0,0.0473841,0.429263,1,
1,37,0,1,0,0,0,30,5,1,1,0,0.928841,0.291179,1,
1,38,0,1,0,1,0,79,6,-1,2,0,0.37942,0.578767,0,
1,39,0,1,0,1,0,68,6,-1,1,0,0.380598,0.520146,1,
1,40,0,1,1,1,0,22,4,4,1,0,0.943183,0.594409,1,
1,41,0,1,1,0,1,56,5,2,1,1,0.418642,0.532228,1,
1,42,0,3,1,3,1,89,5,4,0,0,0.589049,0.144272,1,
1,42,1,3,1,3,1,37,5,4,1,0,0.984665,0.14276,0,
1,42,2,3,1,3,0,13,2,3,0,0,0.791022,0.0460961,1,
1,43,0,2,0,0,0,74,6,-1,0,0,0.65753,0.937994,1,
1,43,1,2,0,0,0,51,5,2,1,0,0.0539489,0.0851777,0,
1,44,0,4,2,3,1,74,5,2,1,0,0.00885373,0.557855,1,
1,44,1,4,2,3,1,58,5,2,1,0,0.588977,0.291529,1,
1,44,2,4,2,3,0,33,5,1,1,1,0.181594,0.108864,0,
1,44,3,4,2,3,1,25,5,0,1,0,0.93167,0.335717,1,
1,45,0,2,0,2,1,70,5,2,1,0,0.0254753,0.786308,1,
1,45,1,2,0,2,1,52,5,4,0,0,0.913769,0.00663187,1,
1,46,0,1,0,0,1,97,6,-1,0,0,0.80211,0.189402,0,
1,47,0,3,0,3,0,51,5,3,1,0,0.773384,0.496896,1,
1,47,1,3,0,3,1,39,5,1,1,0,0.595542,0.0887614,1,
1,47,2,3,0,3,0,51,5,4,1,0,0.773384,0.496896,1,
1,48,0,1,0,0,0,56,5,4,0,0,0.8711,0.664175,1,
1,49,0,1,0,0,0,45,5,2,1,0,0.411603,0.543528,1,
1,50,0,2,0,1,1,45,5,2,0,0,0.408449,0.785087,1,
1,50,1,2,0,1,0,45,5,1,1,0,0.737483,0.278405,1,
1,51,0,1,0,1,0,47,5,3,0,0,0.462485,0.973696,1,
1,52,0,2,0,0,0,52,5,1,1,1,0.434367,0.690831,1,
1,52,1,2,0,0,1,48,5,3,1,0,0.219397,0.211387,1,
1,53,0,1,1,1,0,52,5,4,1,0,0.427864,0.507128,1,
1,54,0,3,3,3,1,49,5,4,1,0,0.724808,0.653943,1,
1,54,1,3,3,3,0,48,5,1,1,1,0.308637,0.744858,1,
1,54,2,3,3,3,0,41,5,1,1,1,0.999384,0.667187,1,
1,55,0,2,0,2,1,53,5,1,1,0,0.782997,0.827255,1,
1,55,1,2,0,2,0,52,5,1,1,0,0.670122,0.390903,1,
1,56,0,2,1,2,1,65,6,-1,1,0,0.0565022,0.504431,0,
1,56,1,2,1,2,0,65,5,4,1,0,0.266716,0.568504,1,
1,57,0,1,0,0,1,64,5,2,1,0,0.568592,0.593889,1,
1,58,0,3,1,2,0,86,6,-1,0,0,0.444573,0.0825553,1,
1,58,1,3,1,2,0,74,5,1,0,0,0.989032,0.52909,1,
1,58,2,3,1,2,1,25,5,0,1,0,0.964164,0.759714,1,
1,59,0,3,1,3,1,97,5,0,0,1,0.49049,0.474232,1,
1,59,1,3,1,3,1,80,6,-1,0,0,0.666638,0.893807,1,
1,59,2,3,1,3,1,57,5,3,1,0,0.463366,0.672396,1,
1,60,0,1,0,1,1,63,5,1,0,0,0.266929,0.168295,1,
1,61,0,1,0,0,0,57,5,1,0,0,0.191723,0.36975,1,
1,62,0,1,0,0,1,40,5,2,1,0,0.121918,0.801561,1,
1,63,0,2,0,2,1,69,6,-1,1,0,0.397976,0.58344,1,
1,63,1,2,0,2,1,66,5,1,1,0,0.521602,0.0887597,1,
1,64,0,1,0,0,1,37,5,0,0,0,0.932477,0.863256,1,
1,65,0,2,1,2,1,44,5,4,1,1,0.516786,0.319382,1,
1,65,1,2,1,2,0,41,5,1,1,0,0.819331,0.915532,1,
1,66,0,3,2,3,1,64,5,2,0,1,0.793149,0.992301,1,
1,66,1,3,2,3,0,64,5,1,1,0,0.699683,0.501714,1,
1,66,2,3,2,3,0,22,5,0,1,1,0.191251,0.00820729,1,
1,67,0,6,3,5,0,89,6,-1,0,0,0.05804,0.435244,1,
1,67,1,6,3,5,1,64,5,1,1,0,0.503642,0.768606,1,
1,67,2,6,3,5,1,58,5,1,1,0,0.485607,0.386607,0,
1,67,3,6,3,5,1,55,5,4,1,0,0.758313,0.387266,0,
1,67,4,6,3,5,0,48,5,1,1,0,0.997669,0.282634,0,
1,67,5,6,3,5,0,40,5,1,1,0,0.945325,0.877094,1,
1,68,0,1,0,0,0,19,5,1,0,0,0.993231,0.00640018,1,
1,69,0,2,1,1,1,55,5,3,1,0,0.311383,0.7005,1,
1,69,1,2,1,1,0,45,5,1,1,1,0.770526,0.704751,1,
1,70,0,2,0,1,1,77,6,-1,0,0,0.15468,0.266154,1,
1,70,1,2,0,1,1,48,5,1,1,0,0.0401235,0.218569,0,
1,71,0,2,2,1,0,44,5,3,1,0,0.609902,0.655558,1,
1,71,1,2,2,1,1,39,5,0,1,0,0.482873,0.624366,0,
1,72,0,1,1,0,1,85,6,-1,1,0,0.777182,0.780521,1,
1,73,0,1,1,1,1,49,5,4,1,1,0.445155,0.44059,1,
1,74,0,2,2,1,0,41,5,1,1,0,0.762302,0.660951,1,
1,74,1,2,2,1,1,41,5,3,1,1,0.589413,0.394889,1,
1,75,0,3,0,0,1,93,6,-1,1,0,0.391877,0.658667,1,
1,75,1,3,0,0,1,66,5,2,1,0,0.802756,0.338447,1,
1,75,2,3,0,0,1,51,5,2,1,0,0.84699,0.58261,1,
1,76,0,1,0,1,0,49,5,4,1,0,0.711937,0.336588,0,
1,77,0,1,0,0,1,56,5,1,1,1,0.633345,0.187681,1,
1,78,0,5,2,3,1,82,6,-1,0,0,0.810183,0.53951,1,
1,78,1,5,2,3,0,78,6,-1,0,0,0.39933,0.848547,1,
1,78,2,5,2,3,1,34,5,1,1,0,0.30897,0.954908,1,
1,78,3,5,2,3,1,20,4,1,1,0,0.166206,0.940082,1,
1,78,4,5,2,3,0,17,3,0,0,0,0.943673,0.989682,1,
1,79,0,2,0,0,1,83,5,0,0,0,0.994537,0.385546,1,
1,79,1,2,0,0,1,79,6,-1,1,0,0.641874,0.794259,0,
1,80,0,4,0,0,0,64,5,3,1,0,0.629446,0.383655,1,
1,80,1,4,0,0,1,56,5,2,1,0,0.573601,0.679694,1,
1,80,2,4,0,0,0,43,5,2,0,0,0.980598,0.00292222,1,
1,80,3,4,0,0,1,33,5,4,1,0,0.0227709,0.632186,1,
1,81,0,1,1,1,0,56,5,2,1,0,0.145562,0.032966,1,
1,82,0,2,1,0,0,39,5,3,1,0,0.12286,0.267042,1,
1,82,1,2,1,0,1,39,1,1,0,0,0.0645114,0.791235,1,
1,83,0,1,0,1,0,43,5,3,1,0,0.494138,0.23731,0,
1,84,0,2,0,0,1,23,5,2,1,0,0.0529257,0.503045,1,
1,84,1,2,0,0,0,23,1,1,0,0,0.986618,0.873801,0,
1,85,0,1,1,1,1,36,5,1,1,1,0.494389,0.183823,1,
1,86,0,1,0,0,1,30,5,1,0,0,0.584332,0.84595,0,
1,87,0,4,2,1,1,81,6,-1,0,0,0.0659246,0.766844,1,
1,87,1,4,2,1,0,58,5,0,1,1,0.691083,0.676068,0,
1,87,2,4,2,1,1,57,5,1,1,0,0.660071,0.518823,1,
1,87,3,4,2,1,0,18,3,1,1,0,0.690205,0.138239,1,
1,88,0,3,0,1,1,55,5,1,1,0,0.747662,0.116463,1,
1,88,1,3,0,1,0,55,5,2,0,0,0.772607,0.0936279,1,
1,88,2,3,0,1,0,14,2,0,0,0,0.622308,0.680266,1,
1,89,0,2,2,0,1,77,6,-1,1,0,0.999843,0.944341,1,
1,89,1,2,2,0,1,41,5,4,1,0,0.59425,0.292695,1,
1,90,0,4,0,3,0,57,5,0,1,0,0.365409,0.372764,1,
1,90,1,4,0,3,1,47,5,1,1,0,0.595431,0.748427,1,
1,90,2,4,0,3,1,41,5,3,1,0,0.712257,0.48057,1,
1,90,3,4,0,3,1,32,5,3,1,0,0.371703,0.0394877,0,
1,91,0,1,0,1,1,80,6,-1,0,0,0.935549,0.207861,1,
1,92,0,1,0,1,0,79,6,-1,0,0,0.43458,0.415859,1,
1,93,0,4,0,0,1,33,5,4,1,0,0.596957,0.123602,1,
1,93,1,4,0,0,0,70,5,3,0,0,0.226747,0.744682,1,
1,93,2,4,0,0,1,11,1,1,0,0,0.880981,0.55545,1,
1,93,3,4,0,0,1,33,5,4,1,0,0.596957,0.123602,1,
1,94,0,1,0,1,1,48,5,2,0,0,0.25549,0.376387,1,
1,95,0,1,0,1,1,40,5,4,1,0,0.452367,0.667947,0,
1,96,0,4,3,3,1,57,5,3,1,0,0.12033,0.713626,1,
1,96,1,4,3,3,0,51,5,2,1,0,0.340016,0.866662,0,
1,96,2,4,3,3,1,29,5,1,1,0,0.350591,0.919315,1,
1,96,3,4,3,3,0,22,5,1,1,0,0.704691,0.220267,0,
1,97,0,3,1,2,1,70,5,0,1,0,0.319862,0.992402,1,
1,97,1,3,1,2,1,61,5,1,1,1,0.468332,0.606124,1,
1,97,2,3,1,2,0,55,5,2,1,0,0.0239367,0.661825,0,
1,98,0,1,1,1,0,67,6,-1,1,0,0.98844,0.209671,1,
1,99,0,2,0,2,0,76,6,-1,0,0,0.0140102,0.795567,1,
1,99,1,2,0,2,0,20,4,3,1,0,0.215074,0.184197,0,
1,100,0,2,1,2,0,46,5,1,1,0,0.343918,0.115035,1,
1,100,1,2,1,2,1,7,1,4,0,0,0.784649,0.143285,1,
1,101,0,2,2,0,0,44,5,1,1,0,0.882914,0.300983,0,
1,101,1,2,2,0,1,44,3,3,1,0,0.642235,0.843714,1,
1,102,0,1,0,1,1,68,5,0,1,0,0.0727539,0.922239,1,
1,103,0,1,1,0,0,29,5,3,1,0,0.738131,0.250744,1,
1,104,0,2,0,0,1,53,5,3,1,1,0.151532,0.724089,1,
1,104,1,2,0,0,0,53,5,2,1,1,0.0676549,0.406526,1,
1,105,0,3,0,0,0,83,6,-1,0,0,0.856047,0.617928,1,
1,105,1,3,0,0,1,60,5,0,1,0,0.708737,0.732875,1,
1,105,2,3,0,0,0,83,6,-1,0,0,0.856047,0.617928,1,
1,106,0,1,0,1,0,75,5,4,0,1,0.796576,0.577139,1,
1,107,0,2,0,2,1,92,6,-1,1,0,0.947762,0.809082,1,
1,107,1,2,0,2,0,51,5,1,1,0,0.948942,0.101107,1,
1,108,0,2,1,2,1,43,5,3,1,0,0.131811,0.759205,0,
1,108,1,2,1,2,0,39,5,3,0,1,0.165599,0.775141,0,
1,109,0,4,1,0,0,86,5,1,0,0,0.309016,0.545108,1,
1,109,1,4,1,0,1,78,6,-1,2,0,0.249897,0.883175,1,
1,109,2,4,1,0,1,64,5,3,1,1,0.895655,0.251916,1,
1,109,3,4,1,0,1,31,5,4,1,1,0.62099,0.0785299,1,
1,110,0,1,1,0,1,26,5,0,1,0,0.389641,0.718877,1,
1,111,0,1,1,1,1,53,5,1,1,0,0.191512,0.423991,0,
1,112,0,3,0,3,0,54,5,4,0,0,0.674366,0.0159456,1,
1,112,1,3,0,3,1,16,3,1,1,0,0.334781,0.588286,1,
1,112,2,3,0,3,0,54,5,3,0,0,0.674366,0.0159456,1,
1,113,0,2,1,0,0,48,5,1,1,0,0.276935,0.318055,1,
1,113,1,2,1,0,1,40,5,4,1,0,0.747598,0.410849,1,
1,114,0,1,1,1,1,78,6,-1,1,0,0.601953,0.548892,1,
1,115,0,3,1,2,1,78,6,-1,1,0,0.285728,0.7917,1,
1,115,1,3,1,2,1,49,5,4,1,1,0.912674,0.658437,1,
1,115,2,3,1,2,1,45,5,2,1,0,0.959112,0.469015,1,
1,116,0,4,0,1,1,80,6,-1,1,0,0.236405,0.00262357,1,
1,116,1,4,0,1,1,39,5,3,1,0,0.316673,0.170546,1,
1,116,2,4,0,1,1,16,3,2,0,0,0.0869639,0.526973,0,
1,116,3,4,0,1,0,12,1,2,0,0,0.32952,0.0306453,1,
1,117,0,2,1,1,0,99,6,-1,0,0,0.178356,0.109463,1,
1,117,1,2,1,1,0,30,5,1,1,0,0.315441,0.727646,0,
1,118,0,2,0,0,1,45,5,2,1,0,0.43947,0.226197,1,
1,118,1,2,0,0,0,45,3,3,0,0,0.695228,0.15105,1,
1,119,0,1,0,0,0,74,6,-1,0,0,0.180045,0.395961,1,
1,120,0,1,1,1,1,49,5,1,1,0,0.973164,0.455909,1,
1,121,0,2,2,0,1,78,6,-1,1,0,0.125238,0.135697,0,
1,121,1,2,2,0,0,37,5,1,1,0,0.27561,0.0444364,1,
1,122,0,1,0,1,0,34,5,2,1,1,0.0578247,0.876523,0,
1,123,0,5,0,0,0,78,6,-1,1,0,0.92178,0.326424,1,
1,123,1,5,0,0,1,72,6,-1,1,0,0.307684,0.248813,1,
1,123,2,5,0,0,0,67,5,4,1,0,0.748448,0.34359,1,
1,123,3,5,0,0,1,25,5,4,1,0,0.498351,0.510204,1,
1,123,4,5,0,0,1,19,4,0,0,0,0.561939,0.3659,1,
1,124,0,1,1,0,1,52,5,1,1,0,0.204008,0.198401,0,
1,125,0,5,0,1,0,77,6,-1,0,0,0.812816,0.936869,1,
1,125,1,5,0,1,1,61,5,3,1,0,0.542089,0.689507,1,
1,125,2,5,0,1,0,51,5,1,1,0,0.489012,0.300414,0,
1,125,3,5,0,1,1,17,3,1,0,0,0.365099,0.467836,1,
1,125,4,5,0,1,1,17,3,4,1,0,0.450917,0.394313,1,
1,126,0,2,0,0,1,44,5,3,1,1,0.667731,0.695412,0,
1,126,1,2,0,0,0,44,1,2,0,0,0.304933,0.0078807,0,
1,127,0,2,1,2,0,60,5,1,1,0,0.289701,0.144617,0,
1,127,1,2,1,2,1,60,5,4,1,1,0.97931,0.866024,0,
1,128,0,2,0,1,0,43,5,1,1,0,0.318752,0.0478766,1,
1,128,1,2,0,1,1,43,5,3,1,0,0.67075,0.525324,1,
1,129,0,2,0,1,0,35,5,1,1,0,0.222274,0.272811,1,
1,129,1,2,0,1,0,16,3,3,0,0,0.0335909,0.0728736,1,
1,130,0,1,0,1,0,35,5,4,0,0,0.839199,0.307007,1,
1,131,0,1,0,1,1,66,5,2,0,0,0.718314,0.830956,1,
1,132,0,1,0,0,1,86,6,-1,1,0,0.747068,0.919861,0,
1,133,0,3,1,3,1,71,5,2,1,0,0.497686,0.658747,1,
1,133,1,3,1,3,0,65,5,0,1,0,0.982487,0.592025,1,
1,133,2,3,1,3,0,55,5,3,1,1,0.119437,0.325586,0,
1,134,0,2,0,1,1,58,5,2,1,1,0.0310158,0.476644,0,
1,134,1,2,0,1,0,56,4,1,0,0,0.944485,0.438766,1,
1,135,0,1,1,0,1,97,6,-1,1,0,0.478622,0.00747436,1,
1,136,0,1,1,1,1,83,6,-1,1,0,0.144612,0.961777,1,
1,137,0,2,0,2,0,93,6,-1,2,0,0.627364,0.364388,1,
1,137,1,2,0,2,0,74,5,3,0,0,0.52661,0.396925,1,
1,138,0,1,1,1,0,37,5,2,1,0,0.373237,0.502826,1,
1,139,0,1,0,1,0,25,5,4,1,1,0.568684,0.87798,1,
1,140,0,1,0,1,0,66,5,2,1,0,0.596907,0.251331,0,
1,141,0,1,1,0,1,32,5,2,1,0,0.208496,0.11645,1,
1,142,0,4,2,3,1,77,6,-1,1,0,0.189255,0.15615,1,
1,142,1,4,2,3,0,64,5,4,1,0,0.553703,0.266864,1,
1,142,2,4,2,3,0,60,5,4,1,0,0.292483,0.433529,1,
1,142,3,4,2,3,1,51,5,3,1,1,0.0495451,0.675068,1,
1,143,0,1,0,0,1,36,5,3,1,0,0.982751,0.831472,1,
1,144,0,1,1,0,0,49,4,2,1,0,0.707785,0.627494,0,
1,145,0,1,0,0,0,58,5,2,1,0,0.155506,0.562596,1,
1,146,0,2,0,1,1,31,5,4,1,0,0.115554,0.096646,1,
1,146,1,2,0,1,1,31,5,4,1,0,0.115554,0.096646,1,
1,147,0,3,0,2,1,87,6,-1,1,0,0.89569,0.230036,1,
1,147,1,3,0,2,0,68,5,4,1,0,0.123752,0.092155,1,
1,147,2,3,0,2,1,67,6,-1,1,0,0.259234,0.935274,1,
1,148,0,4,0,3,1,86,6,-1,0,0,0.574192,0.397999,1,
1,148,1,4,0,3,0,33,5,3,1,0,0.0692467,0.954758,1,
1,148,2,4,0,3,1,25,5,3,0,0,0.1328,0.33972,1,
1,148,3,4,0,3,1,13,2,1,0,0,0.370251,0.995506,1,
1,149,0,3,3,1,0,68,6,-1,1,0,0.385453,0.482642,1,
1,149,1,3,3,1,0,62,5,1,1,0,0.331514,0.301386,1,
1,149,2,3,3,1,0,42,5,3,1,0,0.400511,0.383569,1,
1,150,0,1,1,1,0,46,5,1,1,0,0.530784,0.289912,1,
1,151,0,1,0,0,0,42,5,0,0,0,0.115921,0.905638,1,
1,152,0,1,0,1,0,53,5,4,1,0,0.963174,0.066234,1,
1,153,0,3,1,2,1,90,6,-1,0,0,0.244359,0.910966,1,
1,153,1,3,1,2,1,83,6,-1,1,0,0.0364676,0.882774,1,
1,153,2,3,1,2,0,27,5,1,1,1,0.744402,0.34389,1,
1,154,0,4,1,2,1,90,6,-1,0,0,0.0658491,0.618984,1,
1,154,1,4,1,2,0,82,6,-1,0,0,0.873459,0.929255,1,
1,154,2,4,1,2,0,78,6,-1,0,0,0.595165,0.330301,1,
1,154,3,4,1,2,1,21,4,2,1,0,0.256142,0.847057,0,
1,155,0,2,1,1,0,79,5,2,0,1,0.256697,0.0110412,1,
1,155,1,2,1,1,1,32,5,1,1,0,0.766832,0.880493,1,
1,156,0,1,0,0,0,59,5,1,1,0,0.916914,0.694434,1,
1,157,0,2,1,1,1,30,5,1,1,1,0.740932,0.88887,1,
1,157,1,2,1,1,1,30,5,4,1,1,0.740932,0.88887,1,
1,158,0,2,1,0,0,70,5,3,0,0,0.981516,0.0816901,1,
1,158,1,2,1,0,0,32,5,4,1,0,0.726753,0.33324,0,
1,159,0,3,1,2,0,96,6,-1,0,0,0.734395,0.135182,1,
1,159,1,3,1,2,0,32,5,2,1,1,0.356282,0.560563,0,
1,159,2,3,1,2,1,17,3,0,0,0,0.966888,0.524766,1,
1,160,0,3,0,0,1,83,6,-1,1,0,0.0625099,0.136515,1,
1,160,1,3,0,0,0,54,5,3,1,0,0.699392,0.847955,1,
1,160,2,3,0,0,0,31,5,3,1,0,0.547824,0.578782,0,
1,161,0,1,1,0,0,59,5,3,1,0,0.326621,0.0991724,1,
1,162,0,3,0,0,1,65,6,-1,1,0,0.214517,0.257195,1,
1,162,1,3,0,0,0,65,5,4,1,0,0.547503,0.996182,1,
1,162,2,3,0,0,0,11,1,4,0,0,0.216502,0.397399,1,
1,163,0,1,0,1,0,30,5,2,0,0,0.596046,0.878342,1,
1,164,0,1,1,1,1,69,6,-1,1,0,0.86486,0.384053,1,
1,165,0,1,0,0,1,19,5,0,0,0,0.167651,0.681347,0,
1,166,0,2,1,2,0,88,6,-1,0,0,0.126048,0.365338,1,
1,166,1,2,1,2,1,40,5,4,1,1,0.198213,0.996082,1,
1,167,0,1,0,1,0,22,5,1,0,0,0.376319,0.356379,0,
1,168,0,2,0,0,1,62,5,3,1,1,0.20368,0.0347686,1,
1,168,1,2,0,0,0,62,5,1,1,1,0.335653,0.872927,1,
1,169,0,2,1,1,1,55,5,1,1,0,0.859203,0.920672,0,
1,169,1,2,1,1,0,47,5,1,1,1,0.328191,0.057319,1,
1,170,0,1,0,1,0,44,5,3,1,0,0.749574,0.44335,0,
1,171,0,4,2,3,0,62,5,4,1,0,0.752026,0.652567,0,
1,171,1,4,2,3,0,70,5,4,1,0,0.812498,0.458551,1,
1,171,2,4,2,3,0,19,5,0,1,0,0.805449,0.581349,1,
1,171,3,4,2,3,0,8,1,2,0,0,0.636874,0.517757,1,
1,172,0,4,2,4,1,81,6,-1,1,0,0.614171,0.184076,1,
1,172,1,4,2,4,1,58,5,3,1,0,0.645779,0.659284,1,
1,172,2,4,2,4,0,57,5,0,0,0,0.366724,0.490791,0,
1,172,3,4,2,4,0,28,6,-1,0,0,0.926898,0.572362,1,
1,173,0,1,0,1,0,25,5,1,0,0,0.550173,0.767723,1,
1,174,0,2,2,1,1,59,5,1,1,0,0.645394,0.237747,1,
1,174,1,2,2,1,0,49,5,3,1,0,0.876702,0.76314,1,
1,175,0,3,1,2,1,58,5,2,1,0,0.88808,0.072045,1,
1,175,1,3,1,2,0,58,5,1,1,0,0.195337,0.392089,1,
1,175,2,3,1,2,1,23,5,4,1,0,0.462454,0.80798,1,
1,176,0,2,0,1,1,26,5,4,0,0,0.877388,0.262005,1,
1,176,1,2,0,1,1,13,2,0,0,0,0.235349,0.291847,1,
1,177,0,1,1,1,0,55,5,1,1,0,0.967945,0.222113,1,
1,178,0,2,1,0,1,83,5,3,0,0,0.192723,0.516061,1,
1,178,1,2,1,0,1,23,4,4,1,0,0.985899,0.952842,1,
1,179,0,1,1,0,1,28,5,2,1,0,0.514843,0.763157,0,
1,180,0,2,0,2,1,53,5,1,1,0,0.52262,0.805495,1,
1,180,1,2,0,2,0,53,1,1,0,0,0.397414,0.769933,0,
1,181,0,1,1,0,1,54,5,4,1,0,0.234901,0.821136,1,
1,182,0,2,1,0,1,91,6,-1,1,0,0.504957,0.874145,1,
1,182,1,2,1,0,1,64,5,2,1,0,0.53862,0.422888,1,
1,183,0,2,2,1,1,75,5,4,1,1,0.870329,0.938603,1,
1,183,1,2,2,1,1,71,6,-1,1,0,0.818495,0.139526,1,
1,184,0,2,0,2,1,64,5,1,1,0,0.284068,0.340879,1,
1,184,1,2,0,2,0,64,1,0,0,0,0.144462,0.049938,1,
1,185,0,2,1,2,0,68,6,-1,0,0,0.163425,0.604993,1,
1,185,1,2,1,2,1,57,5,0,1,1,0.716683,0.766447,1,
1,186,0,1,0,0,1,54,5,3,0,0,0.654833,0.798931,1,
1,187,0,5,3,4,0,72,6,-1,1,0,0.00968956,0.0258464,0,
1,187,1,5,3,4,1,57,5,1,1,0,0.233124,0.156901,1,
1,187,2,5,3,4,1,50,5,0,1,1,0.706637,0.867147,0,
1,187,3,5,3,4,1,23,5,1,1,0,0.541017,0.141355,1,
1,187,4,5,3,4,0,7,1,3,0,0,0.387277,0.971953,1,
1,188,0,2,0,1,1,85,6,-1,1,0,0.337519,0.355418,1,
1,188,1,2,0,1,0,59,5,1,1,0,0.3896,0.404507,1,
1,189,0,2,2,0,0,36,5,2,1,0,0.454055,0.150213,1,
1,189,1,2,2,0,1,36,5,2,1,0,0.340277,0.270551,0,
1,190,0,2,0,2,1,56,5,1,1,0,0.264022,0.541097,1,
1,190,1,2,0,2,0,56,5,1,0,0,0.591862,0.10899,1,
1,191,0,1,0,0,0,38,5,1,0,0,0.779541,0.705183,1,
1,192,0,3,0,3,0,73,6,-1,0,0,0.463711,0.683311,1,
1,192,1,3,0,3,0,22,5,0,1,0,0.145526,0.493875,1,
1,192,2,3,0,3,0,9,1,3,0,0,0.17829,0.866068,1,
1,193,0,5,1,1,1,69,6,-1,0,0,0.501742,0.260245,1,
1,193,1,5,1,1,1,58,5,1,1,0,0.994425,0.0124871,1,
1,193,2,5,1,1,0,52,5,4,1,0,0.522371,0.257516,0,
1,193,3,5,1,1,1,21,4,1,1,0,0.550689,0.180371,1,
1,193,4,5,1,1,0,18,3,3,0,0,0.0792994,0.264016,1,
1,194,0,3,2,0,0,34,5,2,1,0,0.0793506,0.5106,0,
1,194,1,3,2,0,0,69,6,-1,1,0,0.0770593,0.90277,1,
1,194,2,3,2,0,1,9,1,0,0,0,0.832186,0.118598,1,
1,195,0,1,0,1,0,53,5,1,0,0,0.86103,0.152639,1,
1,196,0,1,0,1,1,55,5,0,1,0,0.654411,0.0100991,0,
1,197,0,2,0,1,0,68,6,-1,0,0,0.393912,0.374521,1,
1,197,1,2,0,1,0,19,4,2,0,0,0.838484,0.901756,1,
1,198,0,1,0,0,1,45,5,0,1,0,0.265198,0.952549,1,
1,199,0,1,0,0,0,51,5,3,0,0,0.62819,0.806614,1,
2,0,0,2,0,1,0,70,5,4,1,0,0.583501,0.63812,1,
2,0,1,2,0,1,0,45,5,0,1,0,0.402841,0.338364,0,
2,1,0,4,0,2,1,89,6,-1,0,0,0.368094,0.882968,1,
2,1,1,4,0,2,1,74,5,2,1,0,0.921926,0.0485417,1,
2,1,2,4,0,2,0,67,5,3,1,0,0.298827,0.511079,1,
2,1,3,4,0,2,0,30,5,2,1,0,0.754333,0.164695,1,
2,2,0,2,0,0,0,78,6,-1,0,0,0.910222,0.881964,1,
2,2,1,2,0,0,0,41,5,1,1,0,0.824723,0.749289,1,
2,3,0,2,1,2,0,72,6,-1,0,0,0.245579,0.845079,1,
2,3,1,2,1,2,0,36,5,4,1,0,0.257401,0.87769,1,
2,4,0,1,0,1,0,80,6,-1,0,0,0.237163,0.200509,1,
2,5,0,1,1,0,0,50,5,2,1,0,0.425922,0.414462,1,
2,6,0,1,0,0,1,33,5,0,0,0,0.948012,0.057027,1,
2,7,0,2,2,2,0,68,6,-1,1,0,0.0805564,0.277983,1,
2,7,1,2,2,2,1,66,5,2,1,0,0.775334,0.463998,1,
2,8,0,2,1,1,1,42,5,2,1,0,0.84467,0.689779,1,
2,8,1,2,1,1,0,30,5,3,1,0,0.0344798,0.105645,1,
2,9,0,2,0,2,1,37,5,2,1,0,0.278738,0.0128116,0,
2,9,1,2,0,2,0,37,1,1,0,0,0.901536,0.642305,1,
2,10,0,5,1,0,1,65,6,-1,1,0,0.737649,0.941125,1,
2,10,1,5,1,0,0,65,5,0,1,1,0.669197,0.899006,1,
2,10,2,5,1,0,1,47,5,2,1,0,0.989982,0.789191,1,
2,10,3,5,1,0,0,47,5,0,1,0,0.817703,0.424498,1,
2,10,4,5,1,0,1,19,4,2,0,0,0.496201,0.967783,0,
2,11,0,1,1,0,0,32,5,4,1,0,0.174641,0.730147,1,
2,12,0,2,0,0,1,48,5,4,1,1,0.130161,0.845204,1,
2,12,1,2,0,0,0,48,5,0,1,0,0.991959,0.852106,1,
2,13,0,3,2,2,0,83,6,-1,0,0,0.976606,0.384993,1,
2,13,1,3,2,2,0,78,6,-1,1,0,0.7872,0.973811,1,
2,13,2,3,2,2,1,40,5,2,1,0,0.467591,0.167908,1,
2,14,0,1,0,0,0,56,5,0,1,1,0.403723,0.524831,1,
2,15,0,3,1,3,0,88,6,-1,0,0,0.397958,0.133932,1,
2,15,1,3,1,3,0,77,6,-1,0,0,0.78046,0.0991175,0,
2,15,2,3,1,3,0,48,4,2,1,0,0.370711,0.0731847,1,
2,16,0,1,0,0,0,68,6,-1,0,0,0.710976,0.613243,1,
2,17,0,4,0,3,0,80,5,3,0,0,0.471479,0.166017,1,
2,17,1,4,0,3,1,74,5,2,1,0,0.717023,0.74892,1,
2,17,2,4,0,3,1,29,5,1,1,0,0.671329,0.227079,1,
2,17,3,4,0,3,0,19,4,0,1,0,0.896056,0.9727,1,
2,18,0,2,0,2,1,39,5,0,1,0,0.926061,0.0131735,1,
2,18,1,2,0,2,0,39,2,1,0,0,0.800149,0.52018,1,
2,19,0,1,0,1,0,77,6,-1,0,0,0.59877,0.174346,1,
2,20,0,3,1,0,1,63,5,2,1,1,0.73065,0.0113234,1,
2,20,1,3,1,0,0,59,5,0,1,1,0.153563,0.467402,1,
2,20,2,3,1,0,0,58,5,2,1,0,0.0954835,0.000237512,0,
2,21,0,1,0,0,1,47,5,1,1,0,0.329347,0.250582,1,
2,22,0,4,2,1,0,66,6,-1,1,0,0.185771,0.106954,1,
2,22,1,4,2,1,0,55,5,2,1,1,0.431906,0.273278,1,
2,22,2,4,2,1,1,16,3,3,1,0,0.380557,0.305131,1,
2,22,3,4,2,1,0,66,6,-1,1,0,0.185771,0.106954,1,
2,23,0,1,1,1,1,35,5,0,1,0,0.773814,0.972115,0,
2,24,0,1,0,1,0,23,5,0,0,0,0.628624,0.313083,1,
2,25,0,3,0,0,1,92,5,2,0,0,0.210275,0.0496185,1,
2,25,1,3,0,0,0,53,5,3,1,0,0.0509503,0.335145,0,
2,25,2,3,0,0,0,50,5,3,0,1,0.425947,0.922841,1,
2,26,0,3,2,1,1,46,5,2,1,0,0.65516,0.419641,1,
2,26,1,3,2,1,0,20,4,4,1,0,0.315272,0.462274,1,
2,26,2,3,2,1,0,9,1,0,0,0,0.614228,0.635615,0,
2,27,0,2,0,0,0,26,5,4,1,0,0.71497,0.478344,0,
2,27,1,2,0,0,0,26,5,3,1,0,0.71497,0.478344,0,
2,28,0,2,0,2,1,41,5,4,1,0,0.888833,0.110798,0,
2,28,1,2,0,2,0,40,5,0,1,0,0.669492,0.520188,0,
2,29,0,2,1,0,1,79,6,-1,1,0,0.74241,0.163328,1,
2,29,1,2,1,0,0,64,5,1,1,0,0.145805,0.00141508,1,
2,30,0,1,1,1,1,29,5,4,1,0,0.966653,0.841117,1,
2,31,0,3,0,3,1,56,5,2,1,0,0.897861,0.483522,0,
2,31,1,3,0,3,0,56,2,2,0,0,0.627608,0.674817,1,
2,31,2,3,0,3,1,56,5,1,1,0,0.897861,0.483522,0,
2,32,0,1,1,1,1,33,5,4,1,1,0.0908055,0.0621427,1,
2,33,0,2,0,0,0,73,5,4,1,0,0.512541,0.372437,1,
2,33,1,2,0,0,1,32,5,0,1,0,0.150617,0.553936,1,
2,34,0,1,0,1,0,32,5,0,1,0,0.532746,0.794253,1,
2,35,0,1,0,1,1,49,5,1,1,0,0.532719,0.7996,0,
2,36,0,4,3,4,1,80,6,-1,1,0,0.308518,0.668461,1,
2,36,1,4,3,4,1,79,6,-1,1,0,0.173511,0.648572,1,
2,36,2,4,3,4,0,75,6,-1,0,0,0.777339,0.602586,1,
2,36,3,4,3,4,1,61,5,3,1,1,0.684253,0.502839,1,
2,37,0,2,1,1,0,34,5,4,1,0,0.708466,0.380104,0,
2,37,1,2,1,1,0,34,5,2,1,0,0.708466,0.380104,0,
2,38,0,2,0,0,1,34,5,2,1,0,0.236526,0.0603633,1,
2,38,1,2,0,0,0,28,6,-1,1,0,0.177751,0.0916176,1,
2,39,0,2,0,2,0,45,5,1,0,0,0.130251,0.02376,0,
2,39,1,2,0,2,1,45,4,3,0,0,0.899238,0.658768,0,
2,40,0,2,0,0,0,81,6,-1,0,0,0.729492,0.857382,0,
2,40,1,2,0,0,1,80,6,-1,1,0,0.525317,0.14873,1,
2,41,0,2,2,1,0,56,5,0,1,0,0.491881,0.167056,1,
2,41,1,2,2,1,1,53,5,2,1,0,0.691698,0.0271612,1,
2,42,0,4,0,3,1,77,6,-1,1,0,0.620295,0.323177,1,
2,42,1,4,0,3,1,64,5,0,1,0,0.56157,0.771681,1,
2,42,2,4,0,3,1,63,5,4,1,0,0.393201,0.658236,1,
2,42,3,4,0,3,0,41,5,3,1,1,0.0854652,0.822874,1,
2,43,0,2,2,0,1,62,5,2,1,0,0.355941,0.27728,0,
2,43,1,2,2,0,0,62,5,2,1,0,0.611581,0.387374,0,
2,44,0,3,2,0,0,97,6,-1,1,0,0.697882,0.0461902,1,
2,44,1,3,2,0,1,61,5,0,1,0,0.383105,0.432734,1,
2,44,2,3,2,0,0,18,3,2,0,0,0.324025,0.339173,1,
2,45,0,3,1,3,0,71,6,-1,1,0,0.627608,0.251795,1,
2,45,1,3,1,3,0,71,5,2,1,1,0.0603129,0.358337,1,
2,45,2,3,1,3,0,67,6,-1,0,0,0.454023,0.85526,1,
2,46,0,3,1,2,0,72,5,1,1,0,0.626934,0.0725996,1,
2,46,1,3,1,2,0,26,5,0,1,0,0.917715,0.83982,0,
2,46,2,3,1,2,0,17,3,0,0,0,0.0544281,0.616029,1,
2,47,0,5,4,1,1,58,5,3,1,1,0.815418,0.22979,1,
2,47,1,5,4,1,0,57,5,4,1,0,0.942837,0.374299,0,
2,47,2,5,4,1,0,56,5,2,1,1,0.780067,0.275471,1,
2,47,3,5,4,1,1,50,5,4,1,0,0.773663,0.980241,1,
2,47,4,5,4,1,1,33,5,1,1,0,0.377132,0.0760349,1,
2,48,0,2,0,0,1,59,5,0,0,0,0.494563,0.654453,1,
2,48,1,2,0,0,1,59,5,1,0,0,0.494563,0.654453,1,
2,49,0,2,0,2,1,61,5,2,1,0,0.282662,0.516942,1,
2,49,1,2,0,2,0,61,5,0,0,0,0.791102,0.311251,1,
2,50,0,1,1,1,1,33,5,1,1,0,0.337147,0.955997,1,
2,51,0,1,1,1,0,51,5,3,1,0,0.770083,0.757862,1,
2,52,0,2,0,0,1,30,5,0,1,0,0.58328,0.52114,1,
2,52,1,2,0,0,0,30,2,0,0,0,0.479515,0.962864,0,
2,53,0,2,1,2,1,83,5,0,0,0,0.205092,0.710172,1,
2,53,1,2,1,2,1,42,5,2,1,1,0.317169,0.538307,1,
2,54,0,2,1,1,1,53,5,2,0,0,0.625509,0.233461,1,
2,54,1,2,1,1,0,45,5,3,1,1,0.327755,0.447942,0,
2,55,0,1,0,0,1,78,6,-1,1,0,0.381394,0.84465,0,
2,56,0,4,3,3,0,80,6,-1,0,0,0.306293,0.189113,1,
2,56,1,4,3,3,1,29,5,0,1,0,0.283776,0.149812,0,
2,56,2,4,3,3,0,19,5,0,1,0,0.376321,0.603512,1,
2,56,3,4,3,3,1,18,5,2,1,1,0.998503,0.4116,1,
2,57,0,1,0,0,1,63,5,3,0,0,0.853825,0.795235,0,
2,58,0,3,3,0,1,74,5,0,1,1,0.512893,0.899668,1,
2,58,1,3,3,0,0,62,5,1,1,1,0.438849,0.312412,0,
2,58,2,3,3,0,1,61,5,0,1,0,0.855842,0.805173,0,
2,59,0,2,0,2,1,54,5,2,1,1,0.310765,0.497559,1,
2,59,1,2,0,2,0,54,3,1,0,0,0.249179,0.0189002,1,
2,60,0,2,1,2,0,69,6,-1,1,0,0.886406,0.853607,1,
2,60,1,2,1,2,0,29,5,1,0,0,0.0777925,0.437957,1,
2,61,0,1,0,0,1,72,5,2,1,0,0.846795,0.464405,1,
2,62,0,1,0,0,1,62,5,3,0,0,0.493805,0.69129,1,
2,63,0,2,0,1,0,83,6,-1,0,0,0.258274,0.287202,1,
2,63,1,2,0,1,1,45,5,0,1,0,0.407311,0.651352,1,
2,64,0,5,1,4,1,89,6,-1,0,0,0.257658,0.814237,1,
2,64,1,5,1,4,0,69,5,2,1,0,0.531,0.402619,1,
2,64,2,5,1,4,0,59,5,0,1,1,0.541892,0.871781,1,
2,64,3,5,1,4,0,42,5,2,1,0,0.432183,0.289184,1,
2,64,4,5,1,4,1,27,5,2,1,0,0.614314,0.119558,1,
2,65,0,2,0,2,0,43,5,3,1,0,0.963825,0.545019,1,
2,65,1,2,0,2,1,43,5,4,1,0,0.63956,0.103904,1,
2,66,0,2,0,2,1,37,5,1,1,0,0.760602,0.500774,1,
2,66,1,2,0,2,0,37,1,4,0,0,0.170669,0.743874,0,
2,67,0,2,1,0,1,52,5,1,1,0,0.0266936,0.332486,0,
2,67,1,2,1,0,0,40,4,0,1,0,0.324043,0.874503,1,
2,68,0,1,0,1,1,19,4,2,0,0,0.281556,0.558879,0,
2,69,0,1,0,1,1,62,5,4,0,0,0.822134,0.0531168,1,
2,70,0,2,0,1,0,58,5,4,0,0,0.570649,0.805788,1,
2,70,1,2,0,1,0,13,2,2,0,0,0.992675,0.230546,1,
2,71,0,2,1,0,0,77,6,-1,0,0,0.249107,0.675737,1,
2,71,1,2,1,0,1,62,5,1,1,0,0.963142,0.421794,1,
2,72,0,1,1,0,0,59,5,4,1,0,0.489567,0.778067,1,
2,73,0,2,2,1,1,24,5,2,1,0,0.659724,0.166938,1,
2,73,1,2,2,1,0,21,4,4,1,0,0.0407493,0.525438,0,
2,74,0,2,0,0,1,87,6,-1,0,0,0.0720842,0.0536203,1,
2,74,1,2,0,0,0,31,5,2,1,1,0.314811,0.574631,1,
2,75,0,1,0,1,0,77,6,-1,2,0,0.429588,0.0535759,1,
2,76,0,2,0,1,1,31,5,2,1,0,0.201396,0.85641,1,
2,76,1,2,0,1,0,19,5,3,0,0,0.929001,0.141858,1,
2,77,0,1,1,0,1,70,5,2,1,0,0.575861,0.310801,1,
2,78,0,4,3,2,1,62,5,3,1,0,0.134409,0.040819,0,
2,78,1,4,3,2,0,62,5,2,1,0,0.460162,0.0280881,1,
2,78,2,4,3,2,0,41,5,0,1,0,0.784905,0.609867,1,
2,78,3,4,3,2,0,11,1,0,0,0,0.796802,0.677512,1,
2,79,0,3,1,0,1,82,6,-1,0,0,0.281021,0.706515,1,
2,79,1,3,1,0,0,65,5,2,0,1,0.443625,0.0547287,1,
2,79,2,3,1,0,1,46,5,1,1,0,0.678009,0.458076,1,
2,80,0,1,1,1,1,66,6,-1,1,0,0.384763,0.0885151,1,
2,81,0,1,0,0,0,79,6,-1,0,0,0.476245,0.923004,1,
2,82,0,1,0,0,0,69,6,-1,1,0,0.968917,0.395281,1,
2,83,0,3,2,3,1,60,5,1,0,0,0.158274,0.388578,1,
2,83,1,3,2,3,0,60,5,0,1,0,0.776447,0.74083,0,
2,83,2,3,2,3,0,31,5,2,1,0,0.907184,0.720972,1,
2,84,0,2,1,0,1,46,5,0,1,0,0.483088,0.195281,1,
2,84,1,2,1,0,1,15,3,3,0,0,0.32819,0.161603,0,
2,85,0,2,0,0,1,60,5,4,1,1,0.230364,0.672083,1,
2,85,1,2,0,0,0,18,4,3,0,0,0.0157788,0.0358062,0,
2,86,0,1,1,1,1,58,5,0,1,0,0.741366,0.791443,1,
2,87,0,3,0,1,1,53,5,0,1,0,0.43468,0.336723,1,
2,87,1,3,0,1,0,49,5,1,1,0,0.623964,0.338794,1,
2,87,2,3,0,1,0,16,3,2,0,0,0.228603,0.139264,1,
2,88,0,1,0,0,1,46,5,2,1,0,0.391316,0.142914,1,
2,89,0,2,2,2,0,78,6,-1,1,0,0.897602,0.258101,0,
2,89,1,2,2,2,1,26,5,0,1,0,0.786721,0.127675,1,
2,90,0,1,0,0,1,52,5,4,0,0,0.360262,0.0727765,1,
2,91,0,1,1,1,1,61,5,4,1,0,0.751446,0.583314,0,
2,92,0,2,1,0,0,64,5,2,1,0,0.553952,0.400702,0,
2,92,1,2,1,0,1,64,4,3,1,0,0.0828224,0.604798,1,
2,93,0,4,0,3,0,72,6,-1,1,0,0.323834,0.822238,1,
2,93,1,4,0,3,0,43,5,1,1,1,0.976916,0.587545,1,
2,93,2,4,0,3,0,40,5,0,1,0,0.686126,0.0482831,0,
2,93,3,4,0,3,1,30,5,0,1,0,0.435959,0.712729,1,
2,94,0,1,0,0,0,56,5,4,1,1,0.67288,0.342062,0,
2,95,0,4,3,0,1,57,5,0,1,0,0.439625,0.463031,1,
2,95,1,4,3,0,0,50,5,4,1,1,0.648949,0.568491,1,
2,95,2,4,3,0,0,44,5,4,1,1,0.898578,0.025357,1,
2,95,3,4,3,0,1,15,2,1,0,0,0.557162,0.49853,1,
2,96,0,1,0,0,0,83,6,-1,0,0,0.322537,0.30953,1,
2,97,0,1,1,1,1,36,5,0,1,0,0.340905,0.991773,1,
2,98,0,2,2,1,0,51,5,0,1,0,0.109266,0.361271,1,
2,98,1,2,2,1,1,45,5,2,1,0,0.11207,0.372617,1,
2,99,0,2,2,1,1,68,6,-1,1,0,0.267153,0.852561,1,
2,99,1,2,2,1,1,52,5,0,1,0,0.424637,0.38977,1,
2,100,0,1,0,1,1,71,6,-1,1,0,0.750009,0.446452,1,
2,101,0,2,1,0,1,33,5,2,1,1,0.445706,0.102861,0,
2,101,1,2,1,0,0,25,5,0,1,0,0.738242,0.99227,0,
2,102,0,2,1,1,0,81,5,0,0,0,0.245946,0.732844,1,
2,102,1,2,1,1,0,74,6,-1,1,0,0.8573,0.620977,1,
2,103,0,1,0,0,0,95,6,-1,0,0,0.581923,0.891099,1,
2,104,0,3,2,3,0,82,6,-1,0,0,0.804899,0.608664,1,
2,104,1,3,2,3,1,60,5,3,1,0,0.962217,0.0607702,1,
2,104,2,3,2,3,1,45,5,4,1,0,0.838147,0.113225,1,
2,105,0,2,0,2,0,24,5,2,1,1,0.722988,0.596502,1,
2,105,1,2,0,2,1,24,1,3,0,0,0.202086,0.0441041,0,
2,106,0,2,1,2,1,27,5,2,1,0,0.874526,0.325123,1,
2,106,1,2,1,2,0,25,5,2,1,0,0.593941,0.184398,0,
2,107,0,1,0,0,1,49,5,4,1,0,0.744189,0.812926,1,
2,108,0,3,3,2,0,74,6,-1,1,0,0.254523,0.785729,1,
2,108,1,3,3,2,0,58,5,3,1,0,0.00460784,0.037017,1,
2,108,2,3,3,2,1,42,5,2,1,0,0.0291398,0.220946,1,
2,109,0,2,0,0,0,49,5,1,1,0,0.954117,0.282204,1,
2,109,1,2,0,0,1,37,5,4,1,0,0.657471,0.369524,1,
2,110,0,1,1,0,1,40,5,2,1,0,0.59766,0.371748,0,
2,111,0,1,1,0,0,26,5,4,1,1,0.444669,0.133489,1,
2,112,0,1,1,1,1,65,6,-1,1,0,0.967067,0.556377,1,
2,113,0,1,0,0,0,52,5,2,0,0,0.0120598,0.211884,1,
2,114,0,3,3,1,1,55,5,2,1,0,0.258642,0.0597427,0,
2,114,1,3,3,1,0,52,5,4,1,0,0.287989,0.620962,1,
2,114,2,3,3,1,1,37,5,2,1,0,0.631701,0.456936,1,
2,115,0,1,1,0,0,63,5,4,1,0,0.0103479,0.430614,1,
2,116,0,3,3,0,0,53,5,4,1,0,0.365272,0.131495,0,
2,116,1,3,3,0,1,49,5,2,1,0,0.933393,0.718638,1,
2,116,2,3,3,0,1,20,4,4,1,0,0.598868,0.550316,0,
2,117,0,2,0,2,1,51,5,3,1,1,0.941435,0.87096,0,
2,117,1,2,0,2,0,51,1,3,0,0,0.0860315,0.205223,0,
2,118,0,2,0,2,1,71,6,-1,1,0,0.515469,0.0509131,1,
2,118,1,2,0,2,1,43,5,2,1,0,0.535873,0.0692697,1,
2,119,0,3,2,0,1,89,6,-1,0,0,0.0582588,0.542089,1,
2,119,1,3,2,0,0,87,6,-1,1,0,0.262633,0.356717,1,
2,119,2,3,2,0,1,65,5,0,1,1,0.116503,0.711632,1,
2,120,0,1,0,0,1,36,5,2,1,1,0.896483,0.631983,0,
2,121,0,3,1,2,0,91,6,-1,0,0,0.501321,0.576509,0,
2,121,1,3,1,2,0,61,5,2,0,0,0.963419,0.819356,1,
2,121,2,3,1,2,0,53,5,3,1,0,0.793801,0.560234,0,
2,122,0,2,0,1,1,64,5,3,1,0,0.428224,0.875885,1,
2,122,1,2,0,1,0,64,5,2,1,0,0.362054,0.352999,0,
2,123,0,3,1,1,1,48,5,3,1,0,0.768444,0.414349,0,
2,123,1,3,1,1,0,48,5,2,1,0,0.956018,0.599742,1,
2,123,2,3,1,1,0,12,2,1,0,0,0.595889,0.387058,0,
2,124,0,1,0,1,0,45,5,3,0,0,0.414165,0.146001,0,
2,125,0,2,0,1,0,39,5,4,0,0,0.254883,0.180777,0,
2,125,1,2,0,1,1,30,5,4,1,0,0.222153,0.764102,1,
2,126,0,3,2,0,1,89,6,-1,1,0,0.3516,0.534502,1,
2,126,1,3,2,0,1,78,6,-1,1,0,0.853508,0.0121605,1,
2,126,2,3,2,0,1,34,5,0,1,1,0.267578,0.174378,1,
2,127,0,1,0,0,0,64,5,2,1,0,0.681752,0.649243,1,
2,128,0,2,2,2,1,69,6,-1,1,0,0.608693,0.719082,1,
2,128,1,2,2,2,1,52,5,2,1,0,0.224463,0.925908,0,
2,129,0,2,0,0,0,86,6,-1,0,0,0.540703,0.442313,1,
2,129,1,2,0,0,1,53,5,2,1,0,0.589084,0.847727,0,
2,130,0,1,1,1,1,84,6,-1,1,0,0.563516,0.335405,1,
2,131,0,4,0,4,0,36,5,3,0,0,0.571734,0.253455,1,
2,131,1,4,0,4,0,15,2,2,0,0,0.396434,0.783528,1,
2,131,2,4,0,4,0,36,5,4,0,0,0.571734,0.253455,1,
2,131,3,4,0,4,0,36,5,3,0,0,0.571734,0.253455,1,
2,132,0,2,1,0,1,89,6,-1,0,0,0.738966,0.371936,1,
2,132,1,2,1,0,0,32,5,0,1,0,0.170565,0.0875605,1,
2,133,0,1,0,1,1,73,5,4,1,0,0.923897,0.929758,1,
2,134,0,2,1,0,1,36,5,3,1,0,0.95843,0.288189,0,
2,134,1,2,1,0,1,36,5,2,1,0,0.95843,0.288189,0,
2,135,0,2,1,0,1,44,5,1,1,1,0.93726,0.12496,1,
2,135,1,2,1,0,0,41,6,-1,1,0,0.0902659,0.332375,1,
2,136,0,1,0,0,0,27,5,3,1,0,0.201696,0.0432127,1,
2,137,0,2,0,0,1,65,5,3,1,0,0.427141,0.926972,1,
2,137,1,2,0,0,0,54,5,4,1,0,0.315326,0.782155,1,
2,138,0,3,3,1,1,82,6,-1,1,0,0.0725561,0.140539,1,
2,138,1,3,3,1,1,72,6,-1,1,0,0.917481,0.820487,0,
2,138,2,3,3,1,0,27,5,1,1,1,0.547016,0.857059,0,
2,139,0,1,0,1,1,63,5,2,1,0,0.997273,0.0156523,1,
2,140,0,1,0,1,0,58,5,4,0,0,0.166328,0.352229,1,
2,141,0,2,0,1,1,39,5,0,1,0,0.761017,0.236677,0,
2,141,1,2,0,1,0,39,2,2,0,0,0.409119,0.235342,1,
2,142,0,1,0,0,1,55,5,2,0,0,0.027337,0.957764,1,
2,143,0,1,1,1,1,54,5,0,1,0,0.824902,0.187203,1,
2,144,0,2,0,2,1,63,5,4,1,0,0.341464,0.607666,1,
2,144,1,2,0,2,1,63,5,4,1,0,0.341464,0.607666,1,
2,145,0,3,2,3,1,94,6,-1,0,0,0.830994,0.666221,1,
2,145,1,3,2,3,0,73,6,-1,1,0,0.739615,0.919923,1,
2,145,2,3,2,3,1,71,6,-1,1,0,0.433451,0.64357,1,
2,146,0,3,2,1,0,73,6,-1,1,0,0.790759,0.312123,1,
2,146,1,3,2,1,1,59,5,4,1,1,0.909932,0.867224,1,
2,146,2,3,2,1,1,44,5,4,1,0,0.372133,0.531646,1,
2,147,0,2,0,1,1,86,6,-1,1,0,0.0976568,0.0164628,1,
2,147,1,2,0,1,0,65,5,4,1,1,0.435161,0.651043,1,
2,148,0,1,0,0,1,54,5,4,0,0,0.140496,0.795736,1,
2,149,0,2,0,0,1,82,6,-1,1,0,0.815031,0.458941,1,
2,149,1,2,0,0,0,36,5,0,1,1,0.884681,0.501445,1,
2,150,0,3,1,0,1,49,5,2,1,0,0.327166,0.126354,1,
2,150,1,3,1,0,0,49,2,3,0,0,0.133984,0.763873,0,
2,150,2,3,1,0,1,15,2,3,0,0,0.559798,0.657079,1,
2,151,0,1,1,1,1,18,5,1,1,0,0.0112738,0.527452,1,
2,152,0,4,0,3,0,78,6,-1,1,0,0.501835,0.774821,1,
2,152,1,4,0,3,0,75,6,-1,1,0,0.673443,0.503286,1,
2,152,2,4,0,3,0,61,5,2,1,1,0.390998,0.252909,1,
2,152,3,4,0,3,1,60,5,2,0,0,0.350153,0.937756,0,
2,153,0,1,1,0,0,27,5,4,1,0,0.805521,0.63201,1,
2,154,0,1,1,1,1,85,6,-1,1,0,0.0303816,0.133493,1,
2,155,0,3,0,2,1,86,6,-1,0,0,0.655839,0.332425,1,
2,155,1,3,0,2,0,80,5,1,0,0,0.993683,0.145242,1,
2,155,2,3,0,2,1,43,5,2,0,1,0.0876008,0.805262,1,
2,156,0,1,0,1,0,95,6,-1,0,0,0.996582,0.671532,1,
2,157,0,3,2,2,0,43,5,1,1,0,0.0984042,0.941382,0,
2,157,1,3,2,2,1,31,5,1,1,0,0.71648,0.680444,1,
2,157,2,3,2,2,0,43,5,2,1,0,0.0984042,0.941382,0,
2,158,0,2,2,1,1,57,5,0,1,0,0.827566,0.204209,1,
2,158,1,2,2,1,0,57,5,3,1,0,0.585684,0.279607,1,
2,159,0,2,1,2,1,64,5,1,1,0,0.531258,0.0553792,0,
2,159,1,2,1,2,0,11,1,4,0,0,0.236586,0.6459,1,
2,160,0,1,0,1,1,55,5,1,1,0,0.0251411,0.238498,1,
2,161,0,1,0,1,0,21,5,2,0,0,0.82516,0.780334,1,
2,162,0,1,0,0,1,25,5,1,1,0,0.78012,0.845557,1,
2,163,0,2,1,0,1,63,5,2,1,0,0.404385,0.250269,0,
2,163,1,2,1,0,0,63,5,3,1,1,0.779102,0.704663,0,
2,164,0,1,1,1,0,35,5,4,1,0,0.277335,0.369855,1,
2,165,0,1,0,1,1,42,5,4,0,0,0.504071,0.136178,1,
2,166,0,2,0,0,1,87,6,-1,1,0,0.254908,0.934791,1,
2,166,1,2,0,0,1,77,6,-1,1,0,0.161874,0.934094,1,
2,167,0,1,0,1,1,70,6,-1,1,0,0.628162,0.775368,1,
2,168,0,1,1,0,1,45,5,2,1,0,0.736018,0.0472452,1,
2,169,0,1,0,0,1,36,5,1,1,0,0.407679,0.51736,1,
2,170,0,1,0,1,0,80,6,-1,0,0,0.974666,0.433509,1,
2,171,0,1,0,0,0,30,5,3,0,0,0.0585129,0.435886,1,
2,172,0,2,1,2,1,40,5,2,1,0,0.587118,0.817367,0,
2,172,1,2,1,2,0,40,3,2,0,0,0.844499,0.373788,0,
2,173,0,1,0,0,1,63,5,3,1,1,0.88684,0.092758,1,
2,174,0,4,2,0,0,85,6,-1,0,0,0.54044,0.676549,1,
2,174,1,4,2,0,1,78,6,-1,1,0,0.0725227,0.521552,1,
2,174,2,4,2,0,1,75,6,-1,1,0,0.284853,0.989851,1,
2,174,3,4,2,0,0,71,5,0,0,1,0.798863,0.558437,1,
2,175,0,2,1,0,1,55,5,1,1,1,0.176687,0.53442,0,
2,175,1,2,1,0,0,43,5,2,1,0,0.576536,0.0690831,0,
2,176,0,3,0,1,1,46,5,2,1,0,0.861181,0.418034,1,
2,176,1,3,0,1,0,46,1,1,0,0,0.821442,0.213221,0,
2,176,2,3,0,1,0,9,1,2,0,0,0.855229,0.141119,0,
2,177,0,2,1,2,0,52,6,-1,1,0,0.113551,0.457098,1,
2,177,1,2,1,2,1,51,5,3,1,1,0.998065,0.718113,1,
2,178,0,1,0,0,1,30,5,4,1,1,0.632138,0.648942,1,
2,179,0,4,0,4,1,62,5,3,1,0,0.454316,0.671225,1,
2,179,1,4,0,4,0,62,5,3,1,0,0.365882,0.0541636,1,
2,179,2,4,0,4,1,24,5,0,1,0,0.627342,0.696134,0,
2,179,3,4,0,4,1,62,5,2,1,0,0.454316,0.671225,1,
2,180,0,1,0,0,1,33,5,4,0,0,0.690018,0.0340097,1,
2,181,0,3,2,1,1,46,5,3,1,1,0.266387,0.285889,0,
2,181,1,3,2,1,0,46,5,3,1,0,0.602644,0.659052,0,
2,181,2,3,2,1,1,11,1,2,0,0,0.573675,0.45535,1,
2,182,0,1,1,1,1,41,5,4,1,0,0.325291,0.540243,1,
2,183,0,2,1,1,1,43,5,0,1,0,0.483142,0.313504,1,
2,183,1,2,1,1,0,43,1,3,0,0,0.71869,0.189828,1,
2,184,0,3,1,0,0,71,6,-1,2,0,0.277386,0.37704,1,
2,184,1,3,1,0,1,32,5,0,1,0,0.795748,0.881147,1,
2,184,2,3,1,0,1,23,5,1,1,0,0.918372,0.0310731,0,
2,185,0,3,1,0,0,88,6,-1,0,0,0.956028,0.0440308,1,
2,185,1,3,1,0,1,76,6,-1,1,0,0.680527,0.288452,1,
2,185,2,3,1,0,1,44,5,2,1,0,0.778039,0.681776,0,
2,186,0,1,0,1,0,39,5,3,0,1,0.324646,0.0584601,1,
2,187,0,1,0,0,1,80,6,-1,1,0,0.558608,0.785244,1,
2,188,0,3,1,0,1,83,6,-1,1,0,0.754634,0.900496,1,
2,188,1,3,1,0,0,82,6,-1,0,0,0.154313,0.884388,1,
2,188,2,3,1,0,0,28,5,2,1,0,0.767932,0.624433,1,
2,189,0,2,0,1,1,54,5,0,0,0,0.0120338,0.102712,1,
2,189,1,2,0,1,1,11,1,3,0,0,0.23281,0.426792,0,
2,190,0,2,1,0,0,70,5,1,0,0,0.18944,0.495283,1,
2,190,1,2,1,0,0,49,5,2,1,0,0.323095,0.493616,0,
2,191,0,1,0,1,1,59,5,2,0,0,0.135259,0.622694,1,
2,192,0,1,0,1,0,25,5,0,1,0,0.354386,0.643606,1,
2,193,0,2,0,0,1,60,5,3,1,0,0.582505,0.739364,0,
2,193,1,2,0,0,1,60,5,2,1,0,0.582505,0.739364,0,
2,194,0,2,1,1,1,40,5,2,1,1,0.0302502,0.779564,1,
2,194,1,2,1,1,0,40,4,4,1,0,0.510138,0.162515,1,
2,195,0,3,1,0,0,95,6,-1,0,0,0.102677,0.0244434,1,
2,195,1,3,1,0,0,85,6,-1,0,0,0.363055,0.714547,0,
2,195,2,3,1,0,1,61,5,2,1,0,0.398358,0.419386,0,
2,196,0,2,1,1,0,54,5,0,1,0,0.693332,0.662606,1,
2,196,1,2,1,1,1,54,5,4,1,1,0.93069,0.233881,1,
2,197,0,1,1,1,0,48,5,4,1,1,0.0980817,0.213056,1,
2,198,0,4,0,0,1,79,6,-1,0,0,0.805826,0.311061,1,
2,198,1,4,0,0,1,56,5,0,1,0,0.481394,0.416912,0,
2,198,2,4,0,0,1,31,5,1,1,0,0.0219539,0.169701,0,
2,198,3,4,0,0,1,21,4,4,1,0,0.41157,0.186744,1,
2,199,0,3,1,2,1,70,5,3,1,0,0.599348,0.50774,1,
2,199,1,3,1,2,0,39,5,2,0,0,0.800885,0.75438,1,
2,199,2,3,1,2,1,37,5,2,1,0,0.233794,0.159983,1,
3,0,0,2,0,0,0,65,6,-1,1,0,0.7126,0.401229,1,
3,0,1,2,0,0,1,61,5,3,1,0,0.2363,0.96011,1,
3,1,0,3,1,1,1,28,5,4,1,0,0.409045,0.683631,1,
3,1,1,3,1,1,0,28,2,3,0,0,0.206115,0.811005,1,
3,1,2,3,1,1,1,8,1,1,0,0,0.420124,0.904664,1,
3,2,0,1,1,0,1,26,5,2,1,0,0.0654609,0.502035,0,
3,3,0,1,0,1,0,76,6,-1,0,0,0.198055,0.198001,1,
3,4,0,2,0,1,1,80,5,2,0,0,0.680627,0.531358,1,
3,4,1,2,0,1,1,23,5,2,1,1,0.354348,0.632555,1,
3,5,0,1,0,0,0,62,5,0,0,0,0.685814,0.843598,1,
3,6,0,3,0,1,1,67,5,3,0,0,0.993772,0.151153,1,
3,6,1,3,0,1,0,53,5,3,0,0,0.963513,0.67103,0,
3,6,2,3,0,1,0,49,5,4,0,0,0.825689,0.339043,1,
3,7,0,1,1,0,0,46,5,2,1,0,0.285766,0.408177,1,
3,8,0,1,0,0,1,88,6,-1,2,0,0.315578,0.117956,1,
3,9,0,1,1,0,1,21,5,3,1,0,0.728842,0.436867,1,
3,10,0,1,0,0,0,71,5,3,0,0,0.935789,0.193917,1,
3,11,0,2,1,1,1,61,6,-1,1,0,0.226532,0.862646,1,
3,11,1,2,1,1,1,61,6,-1,1,0,0.226532,0.862646,1,
3,12,0,3,0,1,1,86,6,-1,1,0,0.0414619,0.721131,1,
3,12,1,3,0,1,0,57,5,3,1,0,0.233915,0.880226,0,
3,12,2,3,0,1,0,9,1,3,0,0,0.670466,0.417629,0,
3,13,0,1,1,1,0,53,5,1,1,0,0.062312,0.260383,1,
3,14,0,2,0,0,0,47,5,3,1,0,0.5404,0.346527,1,
3,14,1,2,0,0,1,7,1,4,0,0,0.0489602,0.613089,0,
3,15,0,1,0,1,1,41,5,2,0,0,0.210462,0.630411,0,
3,16,0,2,0,1,1,76,6,-1,1,0,0.589147,0.0425902,0,
3,16,1,2,0,1,1,62,5,0,1,0,0.861539,0.174781,0,
3,17,0,2,1,0,0,74,6,-1,1,0,0.564825,0.422125,1,
3,17,1,2,1,0,1,58,5,1,1,0,0.458552,0.206915,1,
3,18,0,4,0,4,0,71,6,-1,0,0,0.283079,0.912683,1,
3,18,1,4,0,4,0,40,5,0,1,0,0.629416,0.320516,1,
3,18,2,4,0,4,1,9,1,3,0,0,0.676559,0.941458,0,
3,18,3,4,0,4,0,71,6,-1,0,0,0.283079,0.912683,1,
3,19,0,2,0,0,1,29,5,0,1,0,0.702545,0.286343,1,
3,19,1,2,0,0,0,21,5,4,1,0,0.250091,0.239002,1,
3,20,0,2,0,2,1,58,5,3,1,0,0.438534,0.505797,1,
3,20,1,2,0,2,0,58,4,1,1,0,0.576886,0.788554,0,
3,21,0,1,0,1,0,87,6,-1,0,0,0.245793,0.341108,1,
3,22,0,1,0,1,1,58,5,3,0,0,0.787601,0.0286152,0,
3,23,0,4,1,3,1,69,6,-1,1,0,0.499125,0.624596,1,
3,23,1,4,1,3,0,27,5,0,1,0,0.716527,0.0489006,1,
3,23,2,4,1,3,0,25,5,4,1,1,0.013993,0.603725,1,
3,23,3,4,1,3,1,69,6,-1,1,0,0.499125,0.624596,1,
3,24,0,2,0,0,1,58,6,-1,1,0,0.876057,0.358076,0,
3,24,1,2,0,0,0,58,5,1,1,0,0.206254,0.369402,0,
3,25,0,3,0,2,0,65,5,3,0,0,0.336798,0.0725463,1,
3,25,1,3,0,2,1,65,5,1,1,1,0.0287378,0.64423,0,
3,25,2,3,0,2,0,40,5,0,0,0,0.0268063,0.856537,1,
3,26,0,4,0,2,1,81,6,-1,0,0,0.450135,0.0651165,1,
3,26,1,4,0,2,0,80,6,-1,0,0,0.229855,0.346246,1,
3,26,2,4,0,2,0,30,5,2,1,0,0.0325401,0.0232297,1,
3,26,3,4,0,2,1,13,2,1,0,0,0.292026,0.265935,0,
3,27,0,2,0,1,1,59,5,4,0,0,0.286364,0.227562,1,
3,27,1,2,0,1,1,59,5,2,0,0,0.286364,0.227562,1,
3,28,0,1,0,0,1,89,6,-1,0,0,0.231642,0.051968,1,
3,29,0,3,1,3,0,61,5,3,0,1,0.482924,0.920023,0,
3,29,1,3,1,3,1,50,5,1,1,1,0.745918,0.580702,1,
3,29,2,3,1,3,0,7,1,3,0,0,0.416629,0.118079,0,
3,30,0,3,1,2,1,79,6,-1,1,0,0.743201,0.76199,1,
3,30,1,3,1,2,1,53,5,2,1,0,0.510079,0.331314,1,
3,30,2,3,1,2,1,27,5,3,1,0,0.39308,0.0766158,1,
3,31,0,1,0,0,0,22,5,1,1,0,0.952967,0.694591,1,
3,32,0,1,0,0,0,42,5,3,0,0,0.419996,0.161393,0,
3,33,0,2,0,0,0,44,5,4,1,0,0.402679,0.971853,1,
3,33,1,2,0,0,1,44,5,3,1,0,0.111354,0.310826,0,
3,34,0,1,1,1,0,45,5,4,1,0,0.530729,0.561965,1,
3,35,0,2,1,2,0,56,5,3,1,0,0.0729219,0.307689,1,
3,35,1,2,1,2,1,56,2,1,0,0,0.764722,0.226126,1,
3,36,0,2,0,2,1,58,5,0,1,1,0.894323,0.571519,1,
3,36,1,2,0,2,0,58,3,3,0,0,0.165189,0.962367,1,
3,37,0,2,1,0,1,39,5,2,1,0,0.703868,0.596603,1,
3,37,1,2,1,0,1,14,2,0,0,0,0.742957,0.556107,0,
3,38,0,2,1,0,1,57,5,2,1,0,0.995269,0.1052,1,
3,38,1,2,1,0,0,48,5,3,1,1,0.044277,0.475825,1,
3,39,0,2,0,0,0,84,6,-1,0,0,0.58697,0.575954,1,
3,39,1,2,0,0,1,73,6,-1,1,0,0.929944,0.999297,1,
3,40,0,1,0,0,0,38,5,0,0,0,0.0946475,0.623265,1,
3,41,0,2,2,1,0,67,5,3,1,1,0.0576771,0.68604,1,
3,41,1,2,2,1,1,31,5,4,1,0,0.410875,0.647171,1,
3,42,0,3,0,1,0,53,5,1,1,1,0.540082,0.293422,1,
3,42,1,3,0,1,1,48,5,3,1,0,0.841427,0.329739,0,
3,42,2,3,0,1,0,10,1,3,0,0,0.0260973,0.491304,1,
3,43,0,2,0,2,0,20,5,4,0,0,0.401557,0.00540113,1,
3,43,1,2,0,2,1,14,2,2,0,0,0.521546,0.636804,0,
3,44,0,1,1,1,0,47,5,1,1,0,0.320301,0.155639,1,
3,45,0,2,1,1,0,76,6,-1,0,0,0.683476,0.651124,1,
3,45,1,2,1,1,1,39,5,1,1,0,0.3334,0.87238,0,
3,46,0,1,0,1,1,30,5,1,0,0,0.304045,0.861047,1,
3,47,0,1,0,1,1,43,5,0,1,0,0.711864,0.378228,1,
3,48,0,1,0,0,0,33,5,0,1,0,0.852523,0.787138,0,
3,49,0,1,0,1,0,19,4,2,0,0,0.380216,0.985609,0,
3,50,0,1,1,0,1,41,5,0,1,0,0.758889,0.204475,1,
3,51,0,1,1,1,1,92,6,-1,1,0,0.460328,0.361042,1,
3,52,0,1,0,0,0,69,6,-1,1,0,0.242087,0.999566,0,
3,53,0,1,0,0,0,48,5,3,0,0,0.619679,0.0748738,0,
3,54,0,2,0,2,1,63,5,3,1,0,0.201284,0.200558,1,
3,54,1,2,0,2,0,63,5,2,1,0,0.0399642,0.896381,1,
3,55,0,1,0,0,0,49,5,1,1,1,0.195094,0.392656,1,
3,56,0,2,0,0,1,52,5,0,0,0,0.316651,0.94958,1,
3,56,1,2,0,0,1,11,1,0,0,0,0.34468,0.0657936,0,
3,57,0,1,0,1,0,43,5,3,1,0,0.879795,0.452202,1,
3,58,0,1,1,0,1,56,5,3,1,0,0.463991,0.975626,1,
3,59,0,4,1,4,1,76,6,-1,0,0,0.686377,0.473333,1,
3,59,1,4,1,4,1,71,5,0,2,0,0.762939,0.0515049,1,
3,59,2,4,1,4,1,29,5,3,1,0,0.12978,0.537737,0,
3,59,3,4,1,4,1,76,6,-1,0,0,0.686377,0.473333,1,
3,60,0,3,0,2,0,77,6,-1,0,0,0.22791,0.944679,1,
3,60,1,3,0,2,0,40,5,1,1,0,0.420431,0.444836,1,
3,60,2,3,0,2,0,10,1,2,0,0,0.555579,0.00359372,1,
3,61,0,2,1,1,1,66,5,0,1,1,0.553476,0.845421,1,
3,61,1,2,1,1,0,56,5,2,1,0,0.809899,0.958863,1,
3,62,0,2,2,0,1,63,5,3,1,1,0.186991,0.225066,1,
3,62,1,2,2,0,0,63,5,3,1,0,0.904511,0.458005,1,
3,63,0,1,0,1,0,59,5,3,1,0,0.352462,0.563442,1,
3,64,0,2,1,2,1,96,6,-1,0,0,0.631375,0.770555,1,
3,64,1,2,1,2,1,75,5,3,1,0,0.216498,0.165522,1,
3,65,0,1,1,1,1,40,5,3,1,0,0.994154,0.350096,1,
3,66,0,4,1,1,1,78,6,-1,1,0,0.0231838,0.12831,1,
3,66,1,4,1,1,1,66,5,4,1,0,0.830419,0.696258,1,
3,66,2,4,1,1,0,43,5,3,1,1,0.171457,0.367637,1,
3,66,3,4,1,1,1,36,5,4,1,0,0.209644,0.194205,1,
3,67,0,1,0,0,1,84,6,-1,0,0,0.0436659,0.948122,1,
3,68,0,3,0,0,0,48,5,3,1,0,0.910628,0.539974,1,
3,68,1,3,0,0,1,41,5,2,0,1,0.436062,0.381558,1,
3,68,2,3,0,0,0,48,5,4,1,0,0.910628,0.539974,1,
3,69,0,4,2,1,0,72,6,-1,0,0,0.794361,0.853633,1,
3,69,1,4,2,1,0,70,5,3,0,0,0.0743701,0.0544272,1,
3,69,2,4,2,1,1,57,6,-1,1,0,0.215532,0.452509,1,
3,69,3,4,2,1,1,23,5,1,1,0,0.522298,0.0973791,0,
3,70,0,3,0,2,1,90,6,-1,1,0,0.713388,0.816125,1,
3,70,1,3,0,2,0,71,6,-1,1,0,0.203504,0.863459,1,
3,70,2,3,0,2,0,50,5,4,1,1,0.385296,0.474666,0,
3,71,0,1,0,0,0,25,5,1,0,0,0.799136,0.973014,0,
3,72,0,3,2,3,1,58,5,1,1,0,0.970358,0.699961,1,
3,72,1,3,2,3,0,58,5,0,1,0,0.613061,0.432962,1,
3,72,2,3,2,3,1,14,2,1,0,0,0.263712,0.486576,1,
3,73,0,4,2,4,0,88,6,-1,0,0,0.305209,0.952897,1,
3,73,1,4,2,4,1,44,5,3,1,0,0.603979,0.373799,1,
3,73,2,4,2,4,1,44,5,3,1,1,0.738874,0.991169,1,
3,73,3,4,2,4,0,88,6,-1,0,0,0.305209,0.952897,1,
3,74,0,2,1,0,0,87,6,-1,0,0,0.633088,0.475749,1,
3,74,1,2,1,0,1,23,5,4,1,0,0.140287,0.383337,1,
3,75,0,2,0,1,1,69,5,3,1,0,0.767728,0.174517,1,
3,75,1,2,0,1,1,53,5,3,1,1,0.143554,0.193563,1,
3,76,0,4,2,3,1,42,5,1,1,1,0.0449076,0.153377,0,
3,76,1,4,2,3,0,32,5,0,1,0,0.571986,0.825932,1,
3,76,2,4,2,3,1,17,3,2,0,0,0.174774,0.917374,1,
3,76,3,4,2,3,1,9,1,3,0,0,0.202673,0.0157931,1,
3,77,0,2,0,2,0,25,5,2,1,0,0.266194,0.0501379,1,
3,77,1,2,0,2,1,17,3,3,0,0,0.626293,0.582655,0,
3,78,0,1,0,0,0,88,6,-1,0,0,0.142699,0.0203367,1,
3,79,0,2,0,0,1,71,5,3,2,0,0.837104,0.698321,1,
3,79,1,2,0,0,1,47,5,3,1,0,0.188714,0.699533,1,
3,80,0,4,3,3,1,76,6,-1,1,0,0.683825,0.410589,1,
3,80,1,4,3,3,0,43,5,4,1,1,0.475482,0.77373,0,
3,80,2,4,3,3,0,41,5,3,1,0,0.0278185,0.15137,1,
3,80,3,4,3,3,0,40,5,1,1,0,0.665356,0.73359,1,
3,81,0,1,0,0,1,27,5,3,0,0,0.411288,0.404871,1,
3,82,0,3,1,0,0,31,5,1,1,1,0.586097,0.464655,0,
3,82,1,3,1,0,1,30,5,3,1,0,0.64455,0.860757,1,
3,82,2,3,1,0,0,20,4,1,1,0,0.320413,0.738717,0,
3,83,0,4,4,4,0,69,5,4,1,0,0.824334,0.524931,1,
3,83,1,4,4,4,0,51,5,4,1,0,0.96533,0.333863,1,
3,83,2,4,4,4,1,51,5,3,1,0,0.237681,0.967655,1,
3,83,3,4,4,4,1,24,5,0,1,0,0.116314,0.280743,1,
3,84,0,1,0,1,0,77,6,-1,0,0,0.186227,0.094721,1,
3,85,0,3,0,0,1,95,6,-1,0,0,0.439084,0.880076,1,
3,85,1,3,0,0,0,36,5,1,1,0,0.690063,0.670947,0,
3,85,2,3,0,0,0,29,4,4,1,0,0.50949,0.323743,1,
3,86,0,1,0,0,1,48,5,3,1,0,0.394405,0.475465,1,
3,87,0,1,1,1,1,84,6,-1,1,0,0.756481,0.220528,1,
3,88,0,1,0,1,1,81,6,-1,1,0,0.507312,0.429763,1,
3,89,0,2,0,2,1,77,5,3,0,0,0.883789,0.0260562,1,
3,89,1,2,0,2,0,32,5,3,1,0,0.657922,0.280748,0,
3,90,0,2,0,2,0,87,6,-1,1,0,0.43989,0.779481,1,
3,90,1,2,0,2,1,72,6,-1,1,0,0.0668428,0.532915,1,
3,91,0,1,0,0,1,21,5,0,0,0,0.628381,0.802685,1,
3,92,0,1,0,1,0,45,5,2,0,0,0.807992,0.269808,0,
3,93,0,2,1,0,1,43,5,0,1,0,0.355743,0.333974,1,
3,93,1,2,1,0,0,32,5,3,1,0,0.28959,0.639034,0,
3,94,0,1,0,0,0,61,5,3,1,0,0.546312,0.48528,1,
3,95,0,3,1,2,0,74,5,3,0,0,0.574784,0.049112,1,
3,95,1,3,1,2,0,72,6,-1,0,0,0.93362,0.988101,1,
3,95,2,3,1,2,0,65,5,4,1,1,0.587987,0.425668,1,
3,96,0,2,0,1,1,25,5,2,0,0,0.0479694,0.879114,1,
3,96,1,2,0,1,1,13,2,0,0,0,0.634043,0.927034,1,
3,97,0,1,0,1,0,64,5,3,0,0,0.690577,0.95379,0,
3,98,0,4,2,1,0,68,6,-1,1,0,0.230344,0.442793,1,
3,98,1,4,2,1,1,50,4,3,1,0,0.222496,0.906214,0,
3,98,2,4,2,1,1,22,5,2,1,0,0.620137,0.27742,1,
3,98,3,4,2,1,0,20,4,0,0,0,0.590409,0.557146,1,
3,99,0,1,1,0,1,40,5,0,1,1,0.0237433,0.542203,1,
3,100,0,2,1,1,1,62,5,3,1,0,0.794572,0.336225,0,
3,100,1,2,1,1,0,62,4,3,1,0,0.716688,0.22464,0,
3,101,0,2,0,1,1,71,6,-1,0,0,0.601456,0.849116,0,
3,101,1,2,0,1,1,44,5,4,1,0,0.305326,0.688556,0,
3,102,0,1,0,0,0,60,5,2,0,0,0.739816,0.879828,0,
3,103,0,4,1,4,1,81,6,-1,0,0,0.796209,0.257031,1,
3,103,1,4,1,4,1,47,5,3,1,1,0.300465,0.0315472,1,
3,103,2,4,1,4,0,20,4,3,1,0,0.749021,0.13083,1,
3,103,3,4,1,4,1,81,6,-1,0,0,0.796209,0.257031,1,
3,104,0,2,1,1,0,92,6,-1,0,0,0.208481,0.566402,1,
3,104,1,2,1,1,1,25,5,3,1,0,0.821115,0.69604,0,
3,105,0,2,2,0,1,57,5,2,1,0,0.488721,0.352855,1,
3,105,1,2,2,0,0,48,5,2,1,0,0.185276,0.639114,1,
3,106,0,1,0,0,0,30,5,1,0,0,0.607171,0.937819,1,
3,107,0,3,0,2,0,70,5,3,2,0,0.144325,0.264936,1,
3,107,1,3,0,2,1,62,5,2,0,0,0.435885,0.321371,1,
3,107,2,3,0,2,0,35,5,3,0,0,0.715385,0.266371,1,
3,108,0,4,0,3,1,49,5,3,1,0,0.485883,0.731624,1,
3,108,1,4,0,3,0,49,5,3,0,0,0.518858,0.339521,1,
3,108,2,4,0,3,0,11,1,0,0,0,0.149137,0.130038,1,
3,108,3,4,0,3,1,8,1,1,0,0,0.00282939,0.79976,0,
3,109,0,1,0,0,0,27,5,2,0,0,0.362731,0.464921,1,
3,110,0,1,0,1,0,36,5,1,0,0,0.956429,0.685245,1,
3,111,0,2,2,0,1,57,5,4,1,0,0.40801,0.30166,0,
3,111,1,2,2,0,0,57,5,2,1,0,0.181631,0.596835,1,
3,112,0,1,0,1,0,53,5,3,1,1,0.283992,0.20121,0,
3,113,0,1,0,1,0,56,5,1,1,1,0.805827,0.561295,0,
3,114,0,2,1,0,1,51,5,1,1,0,0.54794,0.594597,0,
3,114,1,2,1,0,0,51,5,1,1,1,0.5477,0.76953,1,
3,115,0,1,0,1,0,60,5,0,0,0,0.0640696,0.759797,1,
3,116,0,2,0,1,1,30,5,1,1,0,0.679232,0.78627,1,
3,116,1,2,0,1,0,29,5,1,0,0,0.142821,0.64441,1,
3,117,0,1,0,1,1,33,5,2,1,0,0.0443856,0.724076,1,
3,118,0,2,0,0,0,48,5,2,0,1,0.0884063,0.584513,0,
3,118,1,2,0,0,1,48,1,2,0,0,0.0718569,0.0398366,1,
3,119,0,2,2,0,0,74,6,-1,1,0,0.406405,0.179865,1,
3,119,1,2,2,0,0,54,5,3,1,0,0.996639,0.708005,1,
3,120,0,1,1,0,1,35,5,1,1,0,0.985781,0.17522,1,
3,121,0,5,3,5,0,82,6,-1,0,0,0.726646,0.989022,1,
3,121,1,5,3,5,0,70,6,-1,1,0,0.448209,0.00672242,1,
3,121,2,5,3,5,0,68,6,-1,1,0,0.0690189,0.610647,1,
3,121,3,5,3,5,0,57,5,2,1,1,0.445264,0.859801,0,
3,121,4,5,3,5,1,30,5,0,1,0,0.558122,0.983605,0,
3,122,0,1,1,0,0,55,5,3,1,1,0.823568,0.174388,0,
3,123,0,1,0,1,1,76,6,-1,1,0,0.486084,0.587729,1,
3,124,0,1,1,0,0,56,5,3,1,0,0.509932,0.108947,1,
3,125,0,2,1,0,1,58,5,1,1,1,0.659554,0.101411,1,
3,125,1,2,1,0,0,58,5,4,1,0,0.49272,0.839845,1,
3,126,0,1,0,1,1,19,5,2,1,1,0.968922,0.037157,0,
3,127,0,1,0,1,0,56,5,0,1,0,0.285292,0.229434,1,
3,128,0,2,0,2,0,89,6,-1,0,0,0.672151,0.00305724,1,
3,128,1,2,0,2,0,45,5,3,1,0,0.59967,0.576895,1,
3,129,0,2,1,2,1,79,6,-1,0,0,0.339608,0.159126,1,
3,129,1,2,1,2,0,73,6,-1,1,0,0.651888,0.99849,1,
3,130,0,3,0,0,1,52,5,4,1,0,0.475258,0.276133,1,
3,130,1,3,0,0,0,44,5,3,1,0,0.747703,0.443602,0,
3,130,2,3,0,0,1,30,5,3,1,0,0.323907,0.168045,0,
3,131,0,2,1,2,1,35,5,1,1,0,0.142766,0.872571,1,
3,131,1,2,1,2,0,35,5,3,0,0,0.749687,0.687665,1,
3,132,0,2,0,1,1,57,5,3,1,0,0.0249794,0.780509,1,
3,132,1,2,0,1,1,57,5,2,1,0,0.0249794,0.780509,1,
3,133,0,1,0,1,1,33,4,4,1,0,0.422539,0.126408,1,
3,134,0,3,2,3,1,78,6,-1,1,0,0.764114,0.0110477,1,
3,134,1,3,2,3,1,33,5,3,1,0,0.0974567,0.976576,1,
3,134,2,3,2,3,1,78,6,-1,1,0,0.764114,0.0110477,1,
3,135,0,2,1,1,1,49,5,0,1,1,0.0890924,0.300892,1,
3,135,1,2,1,1,0,49,1,3,0,0,0.650033,0.0059785,1,
3,136,0,1,0,0,1,30,5,1,0,0,0.87305,0.817167,1,
3,137,0,2,1,1,1,79,6,-1,1,0,0.862279,0.163864,1,
3,137,1,2,1,1,0,36,5,4,1,0,0.571721,0.294276,1,
3,138,0,2,1,0,1,55,5,1,1,0,0.862159,0.71928,1,
3,138,1,2,1,0,1,13,2,0,0,0,0.277943,0.785426,1,
3,139,0,1,0,1,0,43,5,3,0,0,0.820879,0.795943,1,
3,140,0,3,3,1,1,57,5,2,1,0,0.319453,0.75038,1,
3,140,1,3,3,1,0,56,5,4,1,0,0.432929,0.124132,1,
3,140,2,3,3,1,1,33,5,1,1,0,0.712382,0.639723,1,
3,141,0,3,0,3,1,96,6,-1,1,0,0.619155,0.16693,1,
3,141,1,3,0,3,1,59,5,4,1,0,0.832971,0.45968,1,
3,141,2,3,0,3,0,56,5,3,1,0,0.189597,0.639809,1,
3,142,0,1,0,1,0,87,6,-1,0,0,0.281466,0.821041,1,
3,143,0,1,0,1,0,74,6,-1,2,0,0.0937253,0.448556,1,
3,144,0,1,1,0,0,52,5,1,1,0,0.904676,0.824474,1,
3,145,0,3,1,0,0,58,5,4,1,1,0.292633,0.498543,1,
3,145,1,3,1,0,1,48,5,1,1,0,0.502932,0.566872,1,
3,145,2,3,1,0,0,21,4,1,0,0,0.500393,0.485558,1,
3,146,0,2,1,1,1,61,5,4,1,0,0.845711,0.194665,1,
3,146,1,2,1,1,0,61,5,3,1,1,0.316047,0.63942,1,
3,147,0,1,0,0,0,27,5,3,0,0,0.220802,0.633496,1,
3,148,0,2,1,1,1,25,5,3,1,0,0.159291,0.817938,0,
3,148,1,2,1,1,0,24,5,3,0,0,0.124943,0.108299,1,
3,149,0,2,0,0,1,21,5,4,0,1,0.357519,0.461631,1,
3,149,1,2,0,0,0,10,1,3,0,0,0.826405,0.690677,1,
3,150,0,1,1,1,0,29,5,2,1,0,0.0263277,0.980296,1,
3,151,0,1,0,0,0,59,5,3,1,0,0.224314,0.234638,1,
3,152,0,3,1,2,0,71,6,-1,0,0,0.43766,0.0158246,1,
3,152,1,3,1,2,1,22,5,0,1,0,0.913993,0.967952,0,
3,152,2,3,1,2,1,19,5,0,0,1,0.423454,0.409554,0,
3,153,0,1,0,0,0,36,5,3,0,0,0.141053,0.0836599,1,
3,154,0,2,1,2,1,79,6,-1,1,0,0.680633,0.45926,1,
3,154,1,2,1,2,0,75,5,2,0,0,0.0169593,0.29351,1,
3,155,0,1,0,1,1,33,5,3,0,0,0.86297,0.869907,1,
3,156,0,2,1,0,1,49,5,4,1,0,0.794408,0.564857,1,
3,156,1,2,1,0,0,40,5,3,1,0,0.440911,0.738155,1,
3,157,0,1,0,0,1,86,6,-1,1,0,0.869676,0.493047,1,
3,158,0,1,0,1,0,62,5,2,1,0,0.812785,0.241784,1,
3,159,0,2,0,0,1,83,6,-1,0,0,0.262746,0.662408,1,
3,159,1,2,0,0,0,83,6,-1,0,0,0.906024,0.323042,1,
3,160,0,3,1,2,1,45,5,4,1,0,0.81291,0.452264,1,
3,160,1,3,1,2,0,41,5,0,1,0,0.57876,0.923313,0,
3,160,2,3,1,2,1,24,5,3,0,0,0.611138,0.268722,0,
3,161,0,1,0,1,1,60,5,0,1,0,0.150567,0.0726898,0,
3,162,0,3,1,1,1,57,5,2,1,0,0.991466,0.931984,1,
3,162,1,3,1,1,0,57,5,1,1,1,0.305999,0.485291,1,
3,162,2,3,1,1,1,15,3,0,0,0,0.655757,0.580149,1,
3,163,0,1,0,0,0,29,5,3,1,0,0.26581,0.676227,1,
3,164,0,1,0,0,1,55,5,3,0,0,0.533594,0.12347,1,
3,165,0,1,0,0,0,86,6,-1,0,0,0.050365,0.528597,1,
3,166,0,1,1,1,1,63,5,3,1,1,0.0014358,0.143719,0,
3,167,0,1,1,0,1,38,5,0,1,0,0.0572749,0.156989,1,
3,168,0,1,0,0,1,74,6,-1,1,0,0.161272,0.999253,1,
3,169,0,1,0,0,0,87,6,-1,0,0,0.887807,0.598684,0,
3,170,0,3,3,2,1,58,5,3,1,0,0.0340548,0.803057,0,
3,170,1,3,3,2,0,58,5,0,1,1,0.506431,0.54305,1,
3,170,2,3,3,2,0,32,5,3,1,1,0.848662,0.555476,1,
3,171,0,1,1,0,0,52,5,1,1,0,0.586581,0.61136,0,
3,172,0,2,1,0,1,62,5,3,1,0,0.85941,0.31342,0,
3,172,1,2,1,0,0,52,5,3,1,1,0.535586,0.965744,0,
3,173,0,1,1,1,1,26,5,4,1,0,0.615359,0.981865,0,
3,174,0,2,1,2,1,48,5,2,1,0,0.431586,0.707833,1,
3,174,1,2,1,2,0,48,5,4,1,0,0.755337,0.741789,1,
3,175,0,2,0,0,1,57,5,3,1,0,0.856231,0.306716,1,
3,175,1,2,0,0,0,57,5,4,0,0,0.406985,0.867422,1,
3,176,0,4,1,2,0,81,6,-1,0,0,0.840386,0.137664,1,
3,176,1,4,1,2,0,73,6,-1,2,0,0.0667803,0.456037,1,
3,176,2,4,1,2,1,49,5,3,1,0,0.964757,0.969417,1,
3,176,3,4,1,2,1,49,5,1,1,0,0.277424,0.111015,0,
3,177,0,3,0,2,1,73,5,4,1,0,0.26312,0.123719,0,
3,177,1,3,0,2,0,45,5,0,1,1,0.920174,0.748817,1,
3,177,2,3,0,2,1,42,5,1,1,0,0.404694,0.42643,1,
3,178,0,1,0,1,1,27,5,0,1,0,0.177548,0.483227,1,
3,179,0,1,1,1,1,23,5,3,1,0,0.152347,0.929286,1,
3,180,0,2,0,0,1,63,5,0,1,1,0.385732,0.0050449,1,
3,180,1,2,0,0,1,63,5,0,1,1,0.385732,0.0050449,1,
3,181,0,5,3,5,0,66,5,2,1,0,0.941106,0.560901,1,
3,181,1,5,3,5,1,58,5,1,1,0,0.875898,0.308065,1,
3,181,2,5,3,5,0,54,5,2,1,0,0.300279,0.466895,1,
3,181,3,5,3,5,0,42,5,0,1,0,0.472063,0.999271,1,
3,181,4,5,3,5,0,7,1,3,0,0,0.718458,0.781232,1,
3,182,0,3,1,2,1,78,6,-1,0,0,0.347252,0.292761,1,
3,182,1,3,1,2,1,63,5,0,1,0,0.960888,0.652156,0,
3,182,2,3,1,2,0,34,5,1,0,0,0.566188,0.288908,1,
3,183,0,1,0,1,1,79,6,-1,0,0,0.918376,0.136929,1,
3,184,0,2,1,0,1,39,5,4,1,1,0.392213,0.0101554,1,
3,184,1,2,1,0,0,39,3,3,0,0,0.269656,0.149914,1,
3,185,0,3,0,3,0,45,5,4,1,0,0.0597195,0.185416,0,
3,185,1,3,0,3,1,45,5,3,1,0,0.12125,0.109556,0,
3,185,2,3,0,3,0,9,1,2,0,0,0.31986,0.923609,1,
3,186,0,3,1,0,1,34,5,1,1,1,0.3044,0.565255,1,
3,186,1,3,1,0,0,32,5,4,1,1,0.195957,0.681135,1,
3,186,2,3,1,0,0,15,3,0,0,0,0.775366,0.523957,1,
3,187,0,2,2,1,1,53,5,0,1,0,0.739714,0.956902,1,
3,187,1,2,2,1,0,49,5,3,1,0,0.733151,0.623955,0,
3,188,0,1,1,1,1,63,5,1,1,0,0.517408,0.902683,0,
3,189,0,1,1,1,1,78,6,-1,1,0,0.0538114,0.815695,0,
3,190,0,1,0,1,0,54,5,1,1,0,0.263431,0.989185,1,
3,191,0,2,1,2,1,30,5,3,1,0,0.153442,0.573809,1,
3,191,1,2,1,2,0,18,4,1,0,0,0.770318,0.65356,1,
3,192,0,4,1,0,0,74,6,-1,2,0,0.548194,0.0453953,1,
3,192,1,4,1,0,1,32,5,3,1,0,0.891539,0.430668,1,
3,192,2,4,1,0,0,20,4,2,0,0,0.775987,0.0165082,1,
3,192,3,4,1,0,1,11,1,2,0,0,0.10901,0.265933,1,
3,193,0,1,1,1,1,78,6,-1,1,0,0.0311844,0.543689,1,
3,194,0,2,0,0,1,49,5,1,1,0,0.430729,0.183123,0,
3,194,1,2,0,0,0,49,5,1,1,0,0.520358,0.216245,1,
3,195,0,1,1,0,1,48,5,2,1,0,0.286201,0.955395,1,
3,196,0,1,0,0,1,48,5,3,0,0,0.804586,0.971681,1,
3,197,0,2,2,0,1,71,6,-1,1,0,0.938654,0.789075,1,
3,197,1,2,2,0,0,46,5,0,1,1,0.872928,0.998198,1,
3,198,0,1,0,1,0,64,5,3,0,0,0.125658,0.324879,0,
3,199,0,3,0,0,1,81,6,-1,0,0,0.0578009,0.610553,1,
3,199,1,3,0,0,1,57,5,1,1,0,0.66439,0.889271,1,
3,199,2,3,0,0,1,81,6,-1,0,0,0.0578009,0.610553,1,
4,0,0,2,1,1,0,85,6,-1,0,0,0.95002,0.467994,1,
4,0,1,2,1,1,1,67,6,-1,1,0,0.407724,0.893711,1,
4,1,0,2,0,1,0,46,5,0,0,0,0.954173,0.29341,0,
4,1,1,2,0,1,1,8,1,2,0,0,0.127092,0.548352,1,
4,2,0,1,0,0,1,89,6,-1,1,0,0.793028,0.960734,1,
4,3,0,2,1,0,1,66,6,-1,1,0,0.945955,0.244171,1,
4,3,1,2,1,0,0,50,5,0,1,0,0.92493,0.697691,1,
4,4,0,2,0,2,1,56,5,2,1,0,0.0881797,0.391408,1,
4,4,1,2,0,2,0,45,5,0,1,0,0.438254,0.215885,1,
4,5,0,3,1,0,0,66,5,4,1,1,0.436272,0.765285,1,
4,5,1,3,1,0,0,46,5,1,1,1,0.127227,0.0881983,1,
4,5,2,3,1,0,0,40,5,1,1,0,0.504115,0.900495,1,
4,6,0,1,1,0,1,25,5,4,1,0,0.339515,0.136786,1,
4,7,0,2,1,2,1,65,6,-1,1,0,0.29912,0.399781,0,
4,7,1,2,1,2,0,53,5,4,1,1,0.873232,0.76595,0,
4,8,0,1,1,1,1,35,5,0,1,0,0.950694,0.0766255,1,
4,9,0,1,1,0,0,60,5,3,1,0,0.871553,0.0217292,1,
4,10,0,1,1,1,1,50,5,4,1,0,0.86267,0.13646,1,
4,11,0,1,1,1,1,70,5,1,1,0,0.197766,0.837209,1,
4,12,0,1,0,1,0,32,5,4,1,0,0.535464,0.764556,1,
4,13,0,2,1,1,0,78,6,-1,0,0,0.378509,0.898865,1,
4,13,1,2,1,1,1,61,5,2,1,1,0.104772,0.309665,0,
4,14,0,4,2,1,0,65,5,0,0,0,0.362498,0.689653,1,
4,14,1,4,2,1,1,57,5,3,1,1,0.174333,0.985132,1,
4,14,2,4,2,1,1,52,5,4,1,0,0.733459,0.814533,1,
4,14,3,4,2,1,1,23,5,0,0,1,0.623355,0.491561,0,
4,15,0,1,1,1,0,54,5,0,1,1,0.992818,0.845508,0,
4,16,0,2,2,0,1,55,5,0,1,0,0.903082,0.224346,1,
4,16,1,2,2,0,0,55,3,0,1,0,0.500549,0.290335,1,
4,17,0,1,0,0,1,18,5,1,0,0,0.829405,0.175353,0,
4,18,0,2,2,1,1,79,6,-1,1,0,0.447207,0.340048,1,
4,18,1,2,2,1,0,67,5,0,1,0,0.149867,0.814715,1,
4,19,0,2,2,0,1,67,6,-1,1,0,0.219808,0.63681,1,
4,19,1,2,2,0,1,50,6,-1,1,0,0.448701,0.178698,1,
4,20,0,1,0,0,0,45,5,2,0,0,0.527177,0.566162,1,
4,21,0,4,1,4,1,87,6,-1,1,0,0.178771,0.845035,1,
4,21,1,4,1,4,0,86,6,-1,0,0,0.758909,0.413687,1,
4,21,2,4,1,4,0,62,5,4,1,0,0.311668,0.381632,0,
4,21,3,4,1,4,1,52,5,2,1,0,0.627539,0.0189942,1,
4,22,0,1,0,0,0,40,5,2,1,0,0.672073,0.0574848,1,
4,23,0,1,1,0,0,50,5,3,1,0,0.857326,0.613962,1,
4,24,0,2,0,1,1,31,5,1,1,0,0.479111,0.131643,1,
4,24,1,2,0,1,1,31,5,4,1,0,0.479111,0.131643,1,
4,25,0,2,0,2,1,68,5,4,0,0,0.081964,0.756833,1,
4,25,1,2,0,2,1,54,5,1,1,1,0.905735,0.821605,0,
4,26,0,1,0,0,0,27,5,0,0,0,0.510814,0.233602,0,
4,27,0,3,0,1,0,72,5,4,1,0,0.813786,0.133026,1,
4,27,1,3,0,1,0,24,5,4,0,0,0.274925,0.267902,1,
4,27,2,3,0,1,1,21,4,4,1,0,0.636328,0.480695,1,
4,28,0,1,0,1,1,59,5,4,1,0,0.940237,0.680531,0,
4,29,0,2,1,2,1,82,6,-1,1,0,0.170402,0.042714,1,
4,29,1,2,1,2,0,51,5,0,1,0,0.155893,0.530351,1,
4,30,0,1,0,1,0,65,5,3,1,0,0.597634,0.528895,0,
4,31,0,2,0,2,1,49,5,3,1,0,0.0229371,0.771332,0,
4,31,1,2,0,2,0,46,5,4,1,0,0.775445,0.563256,1,
4,32,0,3,1,0,0,67,6,-1,0,0,0.0685826,0.0319462,1,
4,32,1,3,1,0,1,54,5,3,1,1,0.69228,0.196375,1,
4,32,2,3,1,0,0,32,5,4,0,1,0.14538,0.719283,0,
4,33,0,2,1,0,1,57,5,3,1,1,0.484941,0.990635,1,
4,33,1,2,1,0,0,57,5,3,1,0,0.501086,0.620961,1,
4,34,0,1,0,1,1,79,6,-1,1,0,0.780494,0.857748,1,
4,35,0,4,1,1,0,79,6,-1,0,0,0.658947,0.574042,1,
4,35,1,4,1,1,0,41,5,3,1,0,0.67005,0.282051,1,
4,35,2,4,1,1,1,17,3,3,0,0,0.859,0.865155,1,
4,35,3,4,1,1,1,17,3,3,0,0,0.650844,0.966585,1,
4,36,0,2,0,2,0,76,6,-1,0,0,0.53602,0.162133,1,
4,36,1,2,0,2,0,40,5,4,1,1,0.933464,0.143494,1,
4,37,0,2,0,2,1,58,5,4,0,0,0.0642399,0.64122,1,
4,37,1,2,0,2,0,6,1,4,0,0,0.114834,0.970363,1,
4,38,0,2,0,1,1,84,6,-1,1,0,0.863861,0.443808,1,
4,38,1,2,0,1,1,55,5,4,1,0,0.404543,0.661335,1,
4,39,0,3,0,1,0,43,5,0,0,0,0.138532,0.265564,1,
4,39,1,3,0,1,1,17,3,2,0,0,0.553648,0.883508,0,
4,39,2,3,0,1,0,11,1,3,0,0,0.0557899,0.976881,0,
4,40,0,3,0,1,1,66,6,-1,0,0,0.562413,0.04596,1,
4,40,1,3,0,1,1,61,5,3,1,0,0.640632,0.918906,1,
4,40,2,3,0,1,0,25,5,1,1,0,0.730764,0.464612,1,
4,41,0,1,0,1,0,34,5,4,1,1,0.335776,0.630471,1,
4,42,0,1,0,1,1,84,5,4,1,0,0.176896,0.0424949,0,
4,43,0,1,1,1,1,31,5,4,1,0,0.675739,0.897208,1,
4,44,0,3,0,2,1,62,5,0,1,0,0.324056,0.613071,0,
4,44,1,3,0,2,0,62,5,2,1,0,0.434672,0.694739,0,
4,44,2,3,0,2,0,25,5,2,0,0,0.450232,0.0715814,0,
4,45,0,3,0,1,0,55,5,2,1,0,0.971755,0.122907,1,
4,45,1,3,0,1,1,55,1,4,0,0,0.235158,0.327118,1,
4,45,2,3,0,1,0,55,5,4,1,0,0.971755,0.122907,1,
4,46,0,1,0,1,1,19,4,3,0,0,0.597703,0.219494,1,
4,47,0,3,1,2,1,51,5,2,1,0,0.481597,0.906949,0,
4,47,1,3,1,2,0,51,5,3,1,0,0.572895,0.715353,0,
4,47,2,3,1,2,1,12,1,0,0,0,0.834752,0.0948832,0,
4,48,0,6,2,0,0,89,6,-1,0,0,0.716158,0.263962,1,
4,48,1,6,2,0,0,75,6,-1,0,0,0.829392,0.823154,1,
4,48,2,6,2,0,0,72,6,-1,0,0,0.515775,0.879687,1,
4,48,3,6,2,0,1,58,5,4,1,0,0.531787,0.816071,1,
4,48,4,6,2,0,1,42,5,4,1,0,0.163121,0.86242,0,
4,48,5,6,2,0,0,89,6,-1,0,0,0.716158,0.263962,1,
4,49,0,1,1,1,1,33,5,1,1,0,0.984963,0.540941,1,
4,50,0,1,1,1,0,32,5,1,1,0,0.968778,0.52467,1,
4,51,0,2,0,1,1,67,6,-1,1,0,0.609627,0.708818,1,
4,51,1,2,0,1,1,48,6,-1,1,0,0.855693,0.412306,1,
4,52,0,2,0,1,0,86,6,-1,2,0,0.530791,0.321431,1,
4,52,1,2,0,1,1,55,5,4,1,0,0.335686,0.691937,1,
4,53,0,3,1,3,1,64,5,4,1,1,0.907251,0.553065,0,
4,53,1,3,1,3,0,64,5,4,1,0,0.792651,0.657571,0,
4,53,2,3,1,3,1,23,5,4,1,1,0.924368,0.356836,1,
4,54,0,4,1,3,1,91,5,1,0,0,0.994533,0.676356,1,
4,54,1,4,1,3,1,80,5,4,0,0,0.612987,0.372467,1,
4,54,2,4,1,3,0,51,5,4,1,0,0.0669758,0.900206,0,
4,54,3,4,1,3,0,27,5,4,1,0,0.176982,0.376157,0,
4,55,0,2,2,1,1,58,5,1,1,0,0.530595,0.750765,1,
4,55,1,2,2,1,0,58,5,3,1,0,0.868066,0.833634,1,
4,56,0,6,4,0,0,86,6,-1,0,0,0.0927481,0.820451,1,
4,56,1,6,4,0,1,62,5,3,1,0,0.353211,0.0281305,1,
4,56,2,6,4,0,0,39,5,1,1,1,0.849764,0.500294,1,
4,56,3,6,4,0,0,39,5,0,1,0,0.549758,0.322145,1,
4,56,4,6,4,0,1,38,5,3,1,0,0.054526,0.508204,1,
4,56,5,6,4,0,0,35,5,4,1,0,0.969384,0.695312,1,
4,57,0,1,0,1,1,36,5,4,1,1,0.0138292,0.541729,1,
4,58,0,2,2,0,1,67,5,1,1,1,0.197568,0.558208,1,
4,58,1,2,2,0,1,42,5,4,1,0,0.569228,0.329282,0,
4,59,0,2,0,0,1,71,5,0,1,0,0.409163,0.704319,1,
4,59,1,2,0,0,0,47,5,2,1,1,0.606382,0.632511,1,
4,60,0,2,1,2,1,65,4,4,1,0,0.386781,0.427887,1,
4,60,1,2,1,2,0,65,4,1,0,0,0.249292,0.51623,0,
4,61,0,2,0,2,1,75,5,2,1,0,0.480915,0.429721,0,
4,61,1,2,0,2,1,60,5,0,1,0,0.470438,0.00921367,0,
4,62,0,1,1,0,1,37,5,4,1,0,0.512749,0.754698,1,
4,63,0,2,0,2,1,94,6,-1,0,0,0.742163,0.498909,1,
4,63,1,2,0,2,1,82,6,-1,0,0,0.7147,0.0103847,1,
4,64,0,2,0,2,0,58,5,1,1,0,0.143509,0.971645,1,
4,64,1,2,0,2,1,17,3,4,0,0,0.643665,0.973463,1,
4,65,0,1,0,0,0,49,5,2,1,0,0.280267,0.496895,1,
4,66,0,3,1,0,0,21,4,2,1,0,0.931713,0.97127,1,
4,66,1,3,1,0,1,18,4,3,0,0,0.0875314,0.787229,1,
4,66,2,3,1,0,1,17,3,0,0,0,0.893309,0.0456764,1,
4,67,0,3,1,0,1,36,5,2,1,1,0.382035,0.892457,1,
4,67,1,3,1,0,0,35,5,4,1,1,0.958042,0.626262,1,
4,67,2,3,1,0,0,6,1,4,0,0,0.257156,0.0266015,1,
4,68,0,1,0,1,0,33,5,4,1,0,0.364008,0.791849,0,
4,69,0,2,0,0,1,51,5,4,1,1,0.696767,0.25064,0,
4,69,1,2,0,0,0,51,1,1,0,0,0.894325,0.827851,1,
4,70,0,2,2,2,1,64,5,1,1,0,0.361541,0.260416,1,
4,70,1,2,2,2,0,64,5,1,1,0,0.757468,0.387954,0,
4,71,0,1,0,1,1,20,5,2,0,0,0.483098,0.921888,1,
4,72,0,2,0,0,0,38,5,4,1,0,0.394035,0.147804,1,
4,72,1,2,0,0,1,32,5,2,1,0,0.425943,0.282646,1,
4,73,0,2,1,2,1,99,6,-1,0,0,0.540269,0.0489118,1,
4,73,1,2,1,2,1,50,5,0,1,0,0.0775517,0.496621,0,
4,74,0,2,1,2,0,88,6,-1,0,0,0.672921,0.104496,1,
4,74,1,2,1,2,0,57,5,0,1,0,0.639875,0.424881,1,
4,75,0,3,0,0,1,43,5,3,1,0,0.671484,0.341625,0,
4,75,1,3,0,0,0,42,5,4,1,0,0.0163614,0.615852,1,
4,75,2,3,0,0,0,21,4,3,1,0,0.510833,0.293012,0,
4,76,0,3,2,2,1,94,6,-1,1,0,0.37204,0.927678,1,
4,76,1,3,2,2,1,39,5,0,0,0,0.56338,0.937914,1,
4,76,2,3,2,2,1,29,4,0,1,0,0.0241163,0.189218,1,
4,77,0,2,0,2,1,47,5,2,1,0,0.782463,0.547573,1,
4,77,1,2,0,2,0,42,5,2,1,0,0.237723,0.836624,1,
4,78,0,1,0,1,1,44,4,0,1,0,0.675487,0.614584,1,
4,79,0,1,1,1,1,96,6,-1,1,0,0.674293,0.719172,1,
4,80,0,1,0,1,0,48,5,4,0,0,0.413562,0.178698,1,
4,81,0,1,0,0,0,42,5,4,1,0,0.899477,0.0872602,1,
4,82,0,5,2,4,0,75,5,2,1,0,0.137681,0.98169,1,
4,82,1,5,2,4,0,68,6,-1,1,0,0.776652,0.779392,1,
4,82,2,5,2,4,1,66,5,4,1,0,0.350049,0.90257,1,
4,82,3,5,2,4,0,47,5,4,1,0,0.156815,0.456327,1,
4,82,4,5,2,4,0,29,5,4,1,0,0.676908,0.627559,1,
4,83,0,2,0,0,1,55,5,1,1,0,0.402564,0.3096,1,
4,83,1,2,0,0,0,55,5,4,1,0,0.78737,0.105301,0,
4,84,0,1,0,0,0,23,5,2,1,0,0.312256,0.932086,0,
4,85,0,2,0,0,1,87,6,-1,0,0,0.242905,0.974201,1,
4,85,1,2,0,0,1,26,5,1,1,0,0.0297891,0.469429,0,
4,86,0,1,0,0,0,83,6,-1,0,0,0.604551,0.865327,1,
4,87,0,2,0,2,0,71,6,-1,0,0,0.899862,0.570053,1,
4,87,1,2,0,2,0,47,5,1,1,0,0.88587,0.845549,1,
4,88,0,1,0,0,0,77,6,-1,0,0,0.337567,0.806085,1,
4,89,0,2,0,1,1,24,5,2,0,0,0.434318,0.760797,0,
4,89,1,2,0,1,1,24,5,2,0,0,0.434318,0.760797,0,
4,90,0,3,0,0,0,60,5,2,1,0,0.594527,0.975806,0,
4,90,1,3,0,0,1,60,2,0,0,0,0.0529616,0.780204,1,
4,90,2,3,0,0,0,9,1,3,0,0,0.456622,0.738882,1,
4,91,0,1,0,0,1,30,5,3,0,0,0.308015,0.207171,0,
4,92,0,2,1,0,1,43,5,1,1,0,0.513253,0.84982,1,
4,92,1,2,1,0,0,43,4,0,1,0,0.931265,0.959339,1,
4,93,0,1,1,0,1,68,6,-1,1,0,0.290001,0.830002,1,
4,94,0,1,1,1,1,41,5,4,1,0,0.680972,0.361787,1,
4,95,0,2,1,0,1,30,5,4,1,0,0.292741,0.812247,0,
4,95,1,2,1,0,0,20,5,3,1,0,0.358418,0.624641,1,
4,96,0,1,1,0,1,28,5,1,1,0,0.607167,0.932595,1,
4,97,0,1,1,0,1,19,5,4,1,0,0.863741,0.193586,1,
4,98,0,5,3,3,0,45,5,0,1,0,0.888436,0.541126,1,
4,98,1,5,3,3,1,45,5,4,1,0,0.607015,0.144682,0,
4,98,2,5,3,3,0,22,5,2,1,0,0.765093,0.89568,1,
4,98,3,5,3,3,0,12,2,4,0,0,0.558572,0.855552,1,
4,98,4,5,3,3,0,11,1,2,0,0,0.585733,0.133424,1,
4,99,0,2,0,1,0,32,5,4,0,0,0.44073,0.0810682,1,
4,99,1,2,0,1,0,32,5,1,0,0,0.44073,0.0810682,1,
4,100,0,2,0,0,1,33,5,2,1,0,0.137107,0.167241,0,
4,100,1,2,0,0,0,28,5,1,1,0,0.178892,0.607132,1,
4,101,0,2,0,2,0,42,5,4,0,0,0.667472,0.468699,0,
4,101,1,2,0,2,0,42,5,4,0,0,0.667472,0.468699,0,
4,102,0,4,2,1,1,57,5,4,1,0,0.864072,0.96502,1,
4,102,1,4,2,1,0,57,5,1,1,1,0.0473743,0.987286,1,
4,102,2,4,2,1,0,28,5,3,1,0,0.593322,0.468053,0,
4,102,3,4,2,1,0,9,1,2,0,0,0.566876,0.332214,1,
4,103,0,2,0,0,0,55,5,0,1,0,0.311776,0.0885966,0,
4,103,1,2,0,0,1,55,1,4,0,0,0.261529,0.3022,0,
4,104,0,1,1,0,1,70,5,3,1,0,0.0467236,0.655093,1,
4,105,0,2,1,1,1,50,5,4,1,0,0.173313,0.0400724,1,
4,105,1,2,1,1,0,50,4,1,1,0,0.0867474,0.102768,1,
4,106,0,3,0,0,0,75,6,-1,1,0,0.905941,0.352354,1,
4,106,1,3,0,0,0,69,5,2,1,0,0.2169,0.920165,1,
4,106,2,3,0,0,1,26,5,3,1,1,0.49379,0.189628,0,
4,107,0,2,0,2,0,25,5,0,0,0,0.756018,0.174905,0,
4,107,1,2,0,2,0,14,2,2,0,0,0.136773,0.762162,1,
4,108,0,1,1,1,0,42,5,1,1,0,0.16984,0.424399,1,
4,109,0,1,0,1,0,86,6,-1,0,0,0.0246978,0.454737,0,
4,110,0,1,1,0,1,82,6,-1,1,0,0.2766,0.49913,1,
4,111,0,2,2,1,1,73,6,-1,1,0,0.447667,0.599595,1,
4,111,1,2,2,1,0,53,5,1,1,0,0.61575,0.927757,0,
4,112,0,1,0,0,0,65,5,4,0,0,0.48601,0.317656,0,
4,113,0,4,2,1,1,68,5,4,1,0,0.230756,0.536554,0,
4,113,1,4,2,1,0,60,5,3,1,0,0.691892,0.159683,1,
4,113,2,4,2,1,0,56,5,2,1,0,0.253252,0.107076,1,
4,113,3,4,2,1,0,45,5,2,1,1,0.717335,0.688589,1,
4,114,0,1,0,0,0,65,5,0,1,0,0.565703,0.546837,1,
4,115,0,1,0,1,1,58,5,2,1,0,0.25598,0.854378,1,
4,116,0,2,0,2,0,39,5,3,1,0,0.442256,0.837719,1,
4,116,1,2,0,2,0,10,1,0,0,0,0.485192,0.882265,1,
4,117,0,2,0,1,0,45,5,3,1,0,0.157447,0.654609,1,
4,117,1,2,0,1,0,14,2,4,0,0,0.761137,0.133031,1,
4,118,0,2,1,0,0,82,6,-1,0,0,0.18641,0.73325,1,
4,118,1,2,1,0,0,25,5,4,1,1,0.225088,0.049831,1,
4,119,0,2,0,2,0,57,5,4,0,0,0.436248,0.850766,1,
4,119,1,2,0,2,0,57,5,1,0,0,0.436248,0.850766,1,
4,120,0,4,0,0,1,41,5,3,1,1,0.105233,0.665496,1,
4,120,1,4,0,0,0,33,5,3,1,0,0.11766,0.483788,0,
4,120,2,4,0,0,1,41,5,2,1,1,0.105233,0.665496,1,
4,120,3,4,0,0,1,41,5,2,1,1,0.105233,0.665496,1,
4,121,0,2,1,0,1,46,5,2,1,0,0.357677,0.99432,1,
4,121,1,2,1,0,0,46,3,0,0,0,0.791266,0.56756,1,
4,122,0,2,1,2,1,77,6,-1,1,0,0.797708,0.253836,1,
4,122,1,2,1,2,0,48,5,4,1,0,0.338568,0.0845062,1,
4,123,0,2,0,1,0,84,6,-1,0,0,0.443179,0.670541,1,
4,123,1,2,0,1,0,26,5,0,0,0,0.640017,0.83182,1,
4,124,0,1,0,1,0,40,5,3,1,0,0.0184307,0.0149266,1,
4,125,0,4,2,2,1,83,6,-1,1,0,0.465599,0.866807,1,
4,125,1,4,2,2,0,68,6,-1,1,0,0.0952531,0.991886,1,
4,125,2,4,2,2,0,60,5,2,1,0,0.00815079,0.29876,0,
4,125,3,4,2,2,1,12,2,2,0,0,0.150769,0.495755,1,
4,126,0,1,0,1,0,56,5,4,0,0,0.674963,0.266751,1,
4,127,0,2,0,0,1,45,5,1,0,0,0.998462,0.923125,1,
4,127,1,2,0,0,1,45,5,4,0,0,0.998462,0.923125,1,
4,128,0,1,0,0,0,65,6,-1,0,0,0.0335901,0.321397,1,
4,129,0,1,1,0,1,47,5,4,1,0,0.946365,0.657726,1,
4,130,0,1,0,1,1,78,6,-1,0,0,0.0866536,0.823409,1,
4,131,0,1,0,1,1,85,6,-1,1,0,0.853484,0.867472,1,
4,132,0,2,2,1,1,77,6,-1,1,0,0.00596411,0.607297,1,
4,132,1,2,2,1,1,24,5,3,1,0,0.988764,0.854073,1,
4,133,0,4,0,0,1,64,5,3,1,1,0.163731,0.171943,1,
4,133,1,4,0,0,0,64,5,0,1,1,0.19726,0.669413,0,
4,133,2,4,0,0,0,19,5,4,1,1,0.772647,0.190583,1,
4,133,3,4,0,0,0,11,1,0,0,0,0.388417,0.703279,1,
4,134,0,3,3,0,1,75,6,-1,1,0,0.00108398,0.581146,1,
4,134,1,3,3,0,0,40,5,0,1,0,0.613811,0.284094,0,
4,134,2,3,3,0,1,37,5,4,1,1,0.721526,0.0686858,0,
4,135,0,1,0,1,1,70,5,2,1,0,0.114508,0.832189,1,
4,136,0,1,0,0,0,79,6,-1,1,0,0.31112,0.188345,1,
4,137,0,1,0,0,1,79,6,-1,1,0,0.188429,0.641192,1,
4,138,0,3,1,2,0,75,5,4,0,1,0.887504,0.36938,1,
4,138,1,3,1,2,1,72,5,4,1,0,0.12074,0.272823,1,
4,138,2,3,1,2,1,29,5,3,0,0,0.757058,0.29043,1,
4,139,0,3,0,1,0,74,5,4,1,0,0.246163,0.164534,1,
4,139,1,3,0,1,1,52,5,3,1,0,0.46884,0.718342,1,
4,139,2,3,0,1,0,29,5,3,1,0,0.510107,0.953904,1,
4,140,0,2,0,0,1,34,5,4,1,0,0.141172,0.0795824,1,
4,140,1,2,0,0,0,34,2,0,0,0,0.864934,0.784694,1,
4,141,0,1,0,0,0,26,5,4,0,0,0.571358,0.20919,1,
4,142,0,1,0,0,0,30,5,0,1,0,0.858355,0.605408,1,
4,143,0,2,0,1,0,66,5,4,1,1,0.97693,0.565953,1,
4,143,1,2,0,1,1,51,5,3,0,0,0.403768,0.562941,0,
4,144,0,2,1,0,0,76,6,-1,0,0,0.52006,0.416645,1,
4,144,1,2,1,0,1,49,5,1,1,0,0.0612009,0.830478,1,
4,145,0,3,1,3,1,62,5,2,1,0,0.140334,0.899544,1,
4,145,1,3,1,3,0,55,5,0,1,1,0.66232,0.706553,1,
4,145,2,3,1,3,0,52,5,4,1,0,0.00901512,0.650085,1,
4,146,0,1,1,1,1,54,5,2,1,1,0.559953,0.911783,1,
4,147,0,3,1,3,0,58,5,3,1,0,0.840696,0.627025,1,
4,147,1,3,1,3,1,52,5,3,1,0,0.79153,0.494061,0,
4,147,2,3,1,3,0,38,5,1,1,0,0.393213,0.941736,1,
4,148,0,5,2,4,1,55,5,1,1,1,0.181666,0.739674,1,
4,148,1,5,2,4,0,55,5,0,1,0,0.218324,0.781505,0,
4,148,2,5,2,4,1,19,4,1,1,0,0.592387,0.478009,0,
4,148,3,5,2,4,0,12,1,4,0,0,0.517245,0.731954,1,
4,148,4,5,2,4,1,11,1,4,0,0,0.296643,0.762118,1,
4,149,0,1,1,1,1,67,6,-1,1,0,0.190894,0.569636,1,
4,150,0,1,0,0,1,36,5,2,0,0,0.723651,0.821692,1,
4,151,0,1,1,0,0,40,5,0,1,0,0.500834,0.111208,1,
4,152,0,2,0,0,0,64,5,3,1,0,0.578419,0.522536,0,
4,152,1,2,0,0,1,64,3,4,0,0,0.825969,0.817237,1,
4,153,0,2,1,2,1,70,6,-1,1,0,0.218177,0.567186,1,
4,153,1,2,1,2,0,53,5,4,1,0,0.587716,0.972366,1,
4,154,0,2,2,1,1,60,5,3,1,0,0.312769,0.0644683,0,
4,154,1,2,2,1,0,60,5,1,1,0,0.152305,0.787671,1,
4,155,0,2,0,1,1,74,6,-1,1,0,0.0725065,0.0358823,1,
4,155,1,2,0,1,1,48,5,2,1,0,0.803268,0.93581,0,
4,156,0,3,3,3,1,76,6,-1,1,0,0.0763896,0.923762,1,
4,156,1,3,3,3,1,76,6,-1,1,0,0.589749,0.673525,0,
4,156,2,3,3,3,0,42,5,4,1,0,0.910186,0.468215,1,
4,157,0,2,0,1,0,79,6,-1,0,0,0.862125,0.857101,0,
4,157,1,2,0,1,1,33,5,3,1,0,0.910734,0.159192,0,
4,158,0,5,2,0,1,79,6,-1,0,0,0.0305852,0.706611,0,
4,158,1,5,2,0,0,48,5,0,1,0,0.968042,0.0704211,1,
4,158,2,5,2,0,0,45,5,3,1,0,0.338127,0.777732,0,
4,158,3,5,2,0,1,18,3,2,1,0,0.889803,0.897758,1,
4,158,4,5,2,0,1,17,3,4,0,0,0.967875,0.241529,1,
4,159,0,1,1,0,0,20,4,4,1,0,0.712152,0.150449,0,
4,160,0,2,0,1,1,88,5,0,0,0,0.400139,0.181706,1,
4,160,1,2,0,1,1,79,6,-1,0,0,0.986272,0.600487,1,
4,161,0,2,0,1,0,99,6,-1,0,0,0.709162,0.842584,1,
4,161,1,2,0,1,0,50,5,4,0,0,0.862316,0.851702,1,
4,162,0,3,0,2,1,79,6,-1,1,0,0.461567,0.963392,1,
4,162,1,3,0,2,1,26,5,4,1,0,0.356214,0.260922,1,
4,162,2,3,0,2,0,14,2,2,0,0,0.582871,0.472756,1,
4,163,0,1,0,0,1,63,5,1,0,0,0.256483,0.00899062,0,
4,164,0,2,2,2,0,30,5,0,1,0,0.965362,0.219711,1,
4,164,1,2,2,2,1,26,5,3,1,0,0.00340509,0.222184,1,
4,165,0,1,0,1,1,31,5,4,0,0,0.785188,0.396926,1,
4,166,0,1,0,0,0,98,5,0,0,0,0.84756,0.10346,1,
4,167,0,3,1,3,0,33,5,4,0,0,0.208641,0.496987,1,
4,167,1,3,1,3,0,69,5,3,1,0,0.928145,0.533768,1,
4,167,2,3,1,3,1,9,1,4,0,0,0.0824163,0.970558,1,
4,168,0,2,1,2,0,25,5,0,1,1,0.387804,0.505602,0,
4,168,1,2,1,2,1,25,1,4,0,0,0.394293,0.0553203,1,
4,169,0,2,2,0,1,63,5,0,1,0,0.187158,0.934904,1,
4,169,1,2,2,0,0,63,5,4,1,0,0.760436,0.208234,0,
4,170,0,1,0,0,1,44,5,2,1,0,0.791273,0.210132,1,
4,171,0,4,1,0,1,63,5,1,1,0,0.989983,0.313504,1,
4,171,1,4,1,0,0,54,5,1,1,0,0.708137,0.513422,0,
4,171,2,4,1,0,0,51,5,4,1,1,0.920189,0.217045,1,
4,171,3,4,1,0,1,17,3,0,0,0,0.664244,0.414378,1,
4,172,0,3,2,2,0,47,5,0,1,0,0.838045,0.474935,1,
4,172,1,3,2,2,1,46,5,4,1,0,0.966964,0.710778,0,
4,172,2,3,2,2,0,12,2,2,0,0,0.633548,0.898736,0,
4,173,0,3,2,0,1,61,5,4,1,0,0.109608,0.371358,1,
4,173,1,3,2,0,0,61,5,2,0,0,0.20892,0.608212,1,
4,173,2,3,2,0,1,36,5,0,1,1,0.18687,0.198946,0,
4,174,0,2,0,1,1,61,5,4,2,0,0.111231,0.941008,1,
4,174,1,2,0,1,1,61,5,2,2,0,0.111231,0.941008,1,
4,175,0,2,1,2,1,23,5,3,1,1,0.930714,0.541216,1,
4,175,1,2,1,2,0,17,3,1,0,0,0.620044,0.0325889,1,
4,176,0,2,1,1,1,83,6,-1,2,0,0.975575,0.367321,1,
4,176,1,2,1,1,0,60,5,1,1,0,0.411346,0.906808,1,
4,177,0,3,1,0,0,79,6,-1,1,0,0.226018,0.231733,1,
4,177,1,3,1,0,0,75,6,-1,0,0,0.978645,0.913321,1,
4,177,2,3,1,0,1,59,5,1,1,0,0.91302,0.724253,0,
4,178,0,3,2,1,1,87,6,-1,0,0,0.583643,0.439201,1,
4,178,1,3,2,1,0,44,5,1,1,0,0.458301,0.617996,1,
4,178,2,3,2,1,0,30,5,2,1,0,0.446399,0.419476,1,
4,179,0,1,1,0,0,30,5,0,1,0,0.262105,0.36067,0,
4,180,0,1,0,0,0,89,6,-1,0,0,0.0144443,0.551139,1,
4,181,0,1,1,0,0,24,5,4,1,0,0.293392,0.44016,1,
4,182,0,4,2,4,1,70,6,-1,1,0,0.428559,0.933468,0,
4,182,1,4,2,4,0,67,6,-1,1,0,0.411693,0.230219,1,
4,182,2,4,2,4,1,36,5,0,1,0,0.873535,0.37795,1,
4,182,3,4,2,4,0,8,1,4,0,0,0.0204529,0.179375,0,
4,183,0,2,0,2,1,62,5,4,0,0,0.220339,0.211602,1,
4,183,1,2,0,2,0,7,1,1,0,0,0.577175,0.670135,1,
4,184,0,1,1,0,0,31,5,2,1,0,0.523215,0.828473,1,
4,185,0,1,0,1,0,20,5,4,0,0,0.429411,0.474151,1,
4,186,0,3,0,2,1,74,6,-1,0,0,0.141286,0.349752,1,
4,186,1,3,0,2,0,69,5,2,0,1,0.513797,0.123634,1,
4,186,2,3,0,2,1,69,5,1,1,0,0.179576,0.0841988,1,
4,187,0,3,2,2,0,62,5,2,1,1,0.693394,0.491375,0,
4,187,1,3,2,2,1,62,5,3,1,1,0.414827,0.578087,1,
4,187,2,3,2,2,0,62,5,4,1,1,0.693394,0.491375,0,
4,188,0,2,0,0,1,48,5,0,1,0,0.236901,0.153334,0,
4,188,1,2,0,0,0,48,5,1,1,0,0.59286,0.0162682,1,
4,189,0,1,1,1,1,62,5,1,1,0,0.633148,0.477903,1,
4,190,0,2,0,0,1,54,5,0,0,0,0.547244,0.728155,1,
4,190,1,2,0,0,1,11,1,2,0,0,0.655662,0.454319,1,
4,191,0,2,1,2,0,87,6,-1,0,0,0.609534,0.00929018,0,
4,191,1,2,1,2,1,53,5,0,1,1,0.464847,0.308707,1,
4,192,0,2,1,1,1,75,6,-1,1,0,0.718981,0.0220351,1,
4,192,1,2,1,1,0,40,5,3,0,0,0.422439,0.696491,1,
4,193,0,1,1,0,0,25,5,1,1,0,0.802302,0.933339,1,
4,194,0,2,0,0,1,32,5,0,0,0,0.0123683,0.675083,1,
4,194,1,2,0,0,1,32,5,0,0,0,0.0123683,0.675083,1,
4,195,0,1,1,1,0,29,5,2,1,0,0.996442,0.857391,0,
4,196,0,3,0,1,0,68,6,-1,1,0,0.799724,0.915224,1,
4,196,1,3,0,1,1,66,6,-1,1,0,0.734955,0.818996,1,
4,196,2,3,0,1,0,61,5,4,1,1,0.0225654,0.836157,0,
4,197,0,1,0,1,0,36,5,4,1,0,0.931587,0.682003,1,
4,198,0,3,2,1,0,82,6,-1,0,0,0.58076,0.996618,1,
4,198,1,3,2,1,0,63,5,4,1,0,0.237618,0.021301,0,
4,198,2,3,2,1,0,53,5,4,1,1,0.838237,0.510856,1,
4,199,0,4,4,3,1,41,5,2,1,0,0.342043,0.105985,1,
4,199,1,4,4,3,0,38,5,4,1,0,0.752582,0.659708,0,
4,199,2,4,4,3,1,30,5,4,1,0,0.962524,0.385712,0,
4,199,3,4,4,3,0,24,5,4,1,0,0.141736,0.675577,1,
